icon_id,method,variant,k,cluster,quality_score
38fcc454e8b76e8a,hierarchical,image,3,0,
671222e19754e444,hierarchical,image,3,1,
3167ff62be4a1ae7,hierarchical,image,3,1,
7cb54d2ffd287b95,hierarchical,image,3,1,
c0b01f650a9f3047,hierarchical,image,3,1,
af8efb82a3eaf250,hierarchical,image,3,1,
121de65a284465c5,hierarchical,image,3,1,
276e0f48b2aecf30,hierarchical,image,3,1,
b5c1200b37f8968d,hierarchical,image,3,1,
2dfb8baa45944a16,hierarchical,image,3,1,
80b2d92acb1f6d71,hierarchical,image,3,1,
81cdfb4479630d2b,hierarchical,image,3,1,
da1cc0b972f266c1,hierarchical,image,3,1,
cfb5182dc1998eb7,hierarchical,image,3,1,
453de2a0ac7e4646,hierarchical,image,3,1,
22dd7014ca4e0926,hierarchical,image,3,1,
7ab893955ce53d32,hierarchical,image,3,1,
a775dde68401f18c,hierarchical,image,3,1,
8d956b8fd66bfd40,hierarchical,image,3,1,
951be4fa343dfcc3,hierarchical,image,3,1,
26246a410ab5f5fc,hierarchical,image,3,1,
633d125136da3e33,hierarchical,image,3,1,
70c66f7df237db99,hierarchical,image,3,1,
ca282d9b8d67354b,hierarchical,image,3,1,
bbdb16044679062a,hierarchical,image,3,1,
ce5351620f2eb860,hierarchical,image,3,1,
ab05a4526c352168,hierarchical,image,3,1,
b6aae574e74b8cfe,hierarchical,image,3,1,
c4317c54e3675826,hierarchical,image,3,1,
6cd75929d0d2a3f0,hierarchical,image,3,1,
47e3bd73efa382ae,hierarchical,image,3,1,
ccaf59c0ceb35dab,hierarchical,image,3,1,
e0d2e112cc0df560,hierarchical,image,3,1,
5cea9f126476238d,hierarchical,image,3,1,
714e0ea28c0b44d6,hierarchical,image,3,1,
d2908bcd850fab66,hierarchical,image,3,1,
946f5783ecc3c3d3,hierarchical,image,3,1,
c3af4581e34e912a,hierarchical,image,3,1,
8b56c33a174b9ce3,hierarchical,image,3,1,
13c91a98bdfe97db,hierarchical,image,3,1,
59f7cf4b24c41dc4,hierarchical,image,3,1,
f81f3d24abe2590e,hierarchical,image,3,1,
60fafea65eec88ff,hierarchical,image,3,1,
8ccac8fbcc5ef442,hierarchical,image,3,1,
520986b8f519cbf8,hierarchical,image,3,1,
34ba5b6f56c34d2d,hierarchical,image,3,1,
651ed6b48d4e4ce0,hierarchical,image,3,1,
0a8d3ea6a14b7694,hierarchical,image,3,1,
a6380f9f07fe0748,hierarchical,image,3,1,
8419e26eaf8a2ed7,hierarchical,image,3,1,
f1dbaaccf91a93c6,hierarchical,image,3,1,
1bf6d6502e22fd36,hierarchical,image,3,1,
7f0b8a0a616b25e4,hierarchical,image,3,1,
067dab84101e4d40,hierarchical,image,3,1,
9c32fad280ea8306,hierarchical,image,3,1,
d688ea743859b0af,hierarchical,image,3,1,
c7f27f7fd0d5d77b,hierarchical,image,3,1,
e0bee5c0b0d5a7d6,hierarchical,image,3,1,
f3ac148d14f99a51,hierarchical,image,3,1,
9b513da0bbf6fec5,hierarchical,image,3,1,
ab4c6a5c76f157ea,hierarchical,image,3,1,
255623028b70fd39,hierarchical,image,3,1,
a6de1dec67d7aed5,hierarchical,image,3,1,
92617f40c2c43b99,hierarchical,image,3,1,
8025a575373cd6a9,hierarchical,image,3,1,
a51195a2d92d9ff2,hierarchical,image,3,1,
97bbfcfc069b7629,hierarchical,image,3,1,
52c97289f9c9f6dc,hierarchical,image,3,1,
4ca95e3d476453ba,hierarchical,image,3,1,
a8150b5836fa8340,hierarchical,image,3,1,
6bfd058b52069703,hierarchical,image,3,1,
cddd255cbebb9d8e,hierarchical,image,3,1,
65ab556300024c0b,hierarchical,image,3,1,
832f13e7c3d03100,hierarchical,image,3,0,
e6a519ba8dd89268,hierarchical,image,3,1,
77256bc1bfc6a972,hierarchical,image,3,1,
9fc96269778b3b35,hierarchical,image,3,1,
a2d4a495cac2adae,hierarchical,image,3,1,
4de8ea4a98e350d2,hierarchical,image,3,1,
6ff9dd295e18ba9b,hierarchical,image,3,2,
bd7774dcad9acd79,hierarchical,image,3,1,
66cc7c6ebe473f7b,hierarchical,image,3,1,
39719b9e379a0e17,hierarchical,image,3,2,
31f94ec85b9130e2,hierarchical,image,3,1,
4e6eb33dee2b707c,hierarchical,image,3,2,
ab45fc2620cc66ce,hierarchical,image,3,1,
e0760c68f28e0892,hierarchical,image,3,1,
c2a7cdc53f4dd23f,hierarchical,image,3,1,
bcc9cc12c88e11a7,hierarchical,image,3,1,
f0a0fb220faa1075,hierarchical,image,3,1,
709929ff886fee1d,hierarchical,image,3,1,
7e81760c1b53d064,hierarchical,image,3,1,
f3b6090794574209,hierarchical,image,3,1,
6d73856e7180fb8d,hierarchical,image,3,1,
9099811c08fecfa1,hierarchical,image,3,1,
960c8c87ff30f1bf,hierarchical,image,3,1,
0b97f051d6187ce8,hierarchical,image,3,1,
d35e50aec0a064c5,hierarchical,image,3,1,
a1b878174fb512f0,hierarchical,image,3,1,
017f18f80c2b6bb0,hierarchical,image,3,1,
3ae85d1803f6fd0e,hierarchical,image,3,1,
b8d532b96649ad9b,hierarchical,image,3,1,
3fc360c5c4e56a82,hierarchical,image,3,1,
672c5ac5c05045ac,hierarchical,image,3,1,
969d2464f703154e,hierarchical,image,3,1,
9198bbcd6bccdff0,hierarchical,image,3,1,
8eb2ae5e436bf3d9,hierarchical,image,3,1,
395681962a31584b,hierarchical,image,3,1,
5d96dfc9b1190032,hierarchical,image,3,1,
f1c82e0e3033e0f2,hierarchical,image,3,1,
4ce46f5f8d9a06ef,hierarchical,image,3,1,
0db27129c0b71a97,hierarchical,image,3,1,
cad61736ae362480,hierarchical,image,3,1,
e6e2d33ceb0e83af,hierarchical,image,3,1,
0dbe74d0ea5067c3,hierarchical,image,3,1,
397929e89a5a2bf0,hierarchical,image,3,1,
9875309b29ecca62,hierarchical,image,3,1,
b566cf363514b2ce,hierarchical,image,3,1,
d176e3613fd2e8ca,hierarchical,image,3,1,
09f287549c50a508,hierarchical,image,3,1,
2b5b06037a00ac7f,hierarchical,image,3,1,
35be32b4253e6b7e,hierarchical,image,3,1,
4345ee093157bb2b,hierarchical,image,3,1,
0f0ba10ef3a52533,hierarchical,image,3,1,
67facd157d491218,hierarchical,image,3,1,
e93973679234ed81,hierarchical,image,3,1,
db7e3477d2e2096c,hierarchical,image,3,1,
786becad40b24f1e,hierarchical,image,3,1,
6a09c26401d7753b,hierarchical,image,3,1,
38fcc454e8b76e8a,hierarchical,image,5,0,
671222e19754e444,hierarchical,image,5,1,
3167ff62be4a1ae7,hierarchical,image,5,1,
7cb54d2ffd287b95,hierarchical,image,5,1,
c0b01f650a9f3047,hierarchical,image,5,1,
af8efb82a3eaf250,hierarchical,image,5,1,
121de65a284465c5,hierarchical,image,5,1,
276e0f48b2aecf30,hierarchical,image,5,1,
b5c1200b37f8968d,hierarchical,image,5,1,
2dfb8baa45944a16,hierarchical,image,5,1,
80b2d92acb1f6d71,hierarchical,image,5,1,
81cdfb4479630d2b,hierarchical,image,5,1,
da1cc0b972f266c1,hierarchical,image,5,1,
cfb5182dc1998eb7,hierarchical,image,5,1,
453de2a0ac7e4646,hierarchical,image,5,1,
22dd7014ca4e0926,hierarchical,image,5,1,
7ab893955ce53d32,hierarchical,image,5,1,
a775dde68401f18c,hierarchical,image,5,1,
8d956b8fd66bfd40,hierarchical,image,5,1,
951be4fa343dfcc3,hierarchical,image,5,1,
26246a410ab5f5fc,hierarchical,image,5,1,
633d125136da3e33,hierarchical,image,5,1,
70c66f7df237db99,hierarchical,image,5,1,
ca282d9b8d67354b,hierarchical,image,5,1,
bbdb16044679062a,hierarchical,image,5,1,
ce5351620f2eb860,hierarchical,image,5,1,
ab05a4526c352168,hierarchical,image,5,1,
b6aae574e74b8cfe,hierarchical,image,5,1,
c4317c54e3675826,hierarchical,image,5,1,
6cd75929d0d2a3f0,hierarchical,image,5,1,
47e3bd73efa382ae,hierarchical,image,5,1,
ccaf59c0ceb35dab,hierarchical,image,5,1,
e0d2e112cc0df560,hierarchical,image,5,1,
5cea9f126476238d,hierarchical,image,5,1,
714e0ea28c0b44d6,hierarchical,image,5,1,
d2908bcd850fab66,hierarchical,image,5,1,
946f5783ecc3c3d3,hierarchical,image,5,1,
c3af4581e34e912a,hierarchical,image,5,1,
8b56c33a174b9ce3,hierarchical,image,5,1,
13c91a98bdfe97db,hierarchical,image,5,1,
59f7cf4b24c41dc4,hierarchical,image,5,1,
f81f3d24abe2590e,hierarchical,image,5,1,
60fafea65eec88ff,hierarchical,image,5,1,
8ccac8fbcc5ef442,hierarchical,image,5,1,
520986b8f519cbf8,hierarchical,image,5,1,
34ba5b6f56c34d2d,hierarchical,image,5,1,
651ed6b48d4e4ce0,hierarchical,image,5,1,
0a8d3ea6a14b7694,hierarchical,image,5,1,
a6380f9f07fe0748,hierarchical,image,5,1,
8419e26eaf8a2ed7,hierarchical,image,5,1,
f1dbaaccf91a93c6,hierarchical,image,5,1,
1bf6d6502e22fd36,hierarchical,image,5,1,
7f0b8a0a616b25e4,hierarchical,image,5,1,
067dab84101e4d40,hierarchical,image,5,1,
9c32fad280ea8306,hierarchical,image,5,1,
d688ea743859b0af,hierarchical,image,5,1,
c7f27f7fd0d5d77b,hierarchical,image,5,1,
e0bee5c0b0d5a7d6,hierarchical,image,5,1,
f3ac148d14f99a51,hierarchical,image,5,1,
9b513da0bbf6fec5,hierarchical,image,5,1,
ab4c6a5c76f157ea,hierarchical,image,5,1,
255623028b70fd39,hierarchical,image,5,1,
a6de1dec67d7aed5,hierarchical,image,5,1,
92617f40c2c43b99,hierarchical,image,5,1,
8025a575373cd6a9,hierarchical,image,5,1,
a51195a2d92d9ff2,hierarchical,image,5,1,
97bbfcfc069b7629,hierarchical,image,5,1,
52c97289f9c9f6dc,hierarchical,image,5,1,
4ca95e3d476453ba,hierarchical,image,5,1,
a8150b5836fa8340,hierarchical,image,5,1,
6bfd058b52069703,hierarchical,image,5,1,
cddd255cbebb9d8e,hierarchical,image,5,1,
65ab556300024c0b,hierarchical,image,5,1,
832f13e7c3d03100,hierarchical,image,5,2,
e6a519ba8dd89268,hierarchical,image,5,1,
77256bc1bfc6a972,hierarchical,image,5,1,
9fc96269778b3b35,hierarchical,image,5,1,
a2d4a495cac2adae,hierarchical,image,5,3,
4de8ea4a98e350d2,hierarchical,image,5,1,
6ff9dd295e18ba9b,hierarchical,image,5,4,
bd7774dcad9acd79,hierarchical,image,5,1,
66cc7c6ebe473f7b,hierarchical,image,5,1,
39719b9e379a0e17,hierarchical,image,5,4,
31f94ec85b9130e2,hierarchical,image,5,1,
4e6eb33dee2b707c,hierarchical,image,5,4,
ab45fc2620cc66ce,hierarchical,image,5,1,
e0760c68f28e0892,hierarchical,image,5,1,
c2a7cdc53f4dd23f,hierarchical,image,5,1,
bcc9cc12c88e11a7,hierarchical,image,5,1,
f0a0fb220faa1075,hierarchical,image,5,1,
709929ff886fee1d,hierarchical,image,5,1,
7e81760c1b53d064,hierarchical,image,5,1,
f3b6090794574209,hierarchical,image,5,1,
6d73856e7180fb8d,hierarchical,image,5,1,
9099811c08fecfa1,hierarchical,image,5,1,
960c8c87ff30f1bf,hierarchical,image,5,1,
0b97f051d6187ce8,hierarchical,image,5,1,
d35e50aec0a064c5,hierarchical,image,5,1,
a1b878174fb512f0,hierarchical,image,5,1,
017f18f80c2b6bb0,hierarchical,image,5,1,
3ae85d1803f6fd0e,hierarchical,image,5,1,
b8d532b96649ad9b,hierarchical,image,5,1,
3fc360c5c4e56a82,hierarchical,image,5,1,
672c5ac5c05045ac,hierarchical,image,5,1,
969d2464f703154e,hierarchical,image,5,1,
9198bbcd6bccdff0,hierarchical,image,5,1,
8eb2ae5e436bf3d9,hierarchical,image,5,1,
395681962a31584b,hierarchical,image,5,1,
5d96dfc9b1190032,hierarchical,image,5,1,
f1c82e0e3033e0f2,hierarchical,image,5,1,
4ce46f5f8d9a06ef,hierarchical,image,5,1,
0db27129c0b71a97,hierarchical,image,5,1,
cad61736ae362480,hierarchical,image,5,1,
e6e2d33ceb0e83af,hierarchical,image,5,1,
0dbe74d0ea5067c3,hierarchical,image,5,1,
397929e89a5a2bf0,hierarchical,image,5,1,
9875309b29ecca62,hierarchical,image,5,1,
b566cf363514b2ce,hierarchical,image,5,1,
d176e3613fd2e8ca,hierarchical,image,5,1,
09f287549c50a508,hierarchical,image,5,1,
2b5b06037a00ac7f,hierarchical,image,5,1,
35be32b4253e6b7e,hierarchical,image,5,1,
4345ee093157bb2b,hierarchical,image,5,1,
0f0ba10ef3a52533,hierarchical,image,5,1,
67facd157d491218,hierarchical,image,5,1,
e93973679234ed81,hierarchical,image,5,1,
db7e3477d2e2096c,hierarchical,image,5,1,
786becad40b24f1e,hierarchical,image,5,1,
6a09c26401d7753b,hierarchical,image,5,1,
38fcc454e8b76e8a,hierarchical,image,7,0,
671222e19754e444,hierarchical,image,7,1,
3167ff62be4a1ae7,hierarchical,image,7,1,
7cb54d2ffd287b95,hierarchical,image,7,1,
c0b01f650a9f3047,hierarchical,image,7,1,
af8efb82a3eaf250,hierarchical,image,7,1,
121de65a284465c5,hierarchical,image,7,1,
276e0f48b2aecf30,hierarchical,image,7,1,
b5c1200b37f8968d,hierarchical,image,7,1,
2dfb8baa45944a16,hierarchical,image,7,1,
80b2d92acb1f6d71,hierarchical,image,7,1,
81cdfb4479630d2b,hierarchical,image,7,1,
da1cc0b972f266c1,hierarchical,image,7,1,
cfb5182dc1998eb7,hierarchical,image,7,1,
453de2a0ac7e4646,hierarchical,image,7,1,
22dd7014ca4e0926,hierarchical,image,7,1,
7ab893955ce53d32,hierarchical,image,7,1,
a775dde68401f18c,hierarchical,image,7,1,
8d956b8fd66bfd40,hierarchical,image,7,1,
951be4fa343dfcc3,hierarchical,image,7,1,
26246a410ab5f5fc,hierarchical,image,7,1,
633d125136da3e33,hierarchical,image,7,1,
70c66f7df237db99,hierarchical,image,7,1,
ca282d9b8d67354b,hierarchical,image,7,1,
bbdb16044679062a,hierarchical,image,7,1,
ce5351620f2eb860,hierarchical,image,7,1,
ab05a4526c352168,hierarchical,image,7,1,
b6aae574e74b8cfe,hierarchical,image,7,1,
c4317c54e3675826,hierarchical,image,7,1,
6cd75929d0d2a3f0,hierarchical,image,7,1,
47e3bd73efa382ae,hierarchical,image,7,1,
ccaf59c0ceb35dab,hierarchical,image,7,1,
e0d2e112cc0df560,hierarchical,image,7,1,
5cea9f126476238d,hierarchical,image,7,1,
714e0ea28c0b44d6,hierarchical,image,7,1,
d2908bcd850fab66,hierarchical,image,7,1,
946f5783ecc3c3d3,hierarchical,image,7,1,
c3af4581e34e912a,hierarchical,image,7,1,
8b56c33a174b9ce3,hierarchical,image,7,1,
13c91a98bdfe97db,hierarchical,image,7,1,
59f7cf4b24c41dc4,hierarchical,image,7,1,
f81f3d24abe2590e,hierarchical,image,7,1,
60fafea65eec88ff,hierarchical,image,7,1,
8ccac8fbcc5ef442,hierarchical,image,7,1,
520986b8f519cbf8,hierarchical,image,7,1,
34ba5b6f56c34d2d,hierarchical,image,7,1,
651ed6b48d4e4ce0,hierarchical,image,7,1,
0a8d3ea6a14b7694,hierarchical,image,7,1,
a6380f9f07fe0748,hierarchical,image,7,1,
8419e26eaf8a2ed7,hierarchical,image,7,1,
f1dbaaccf91a93c6,hierarchical,image,7,1,
1bf6d6502e22fd36,hierarchical,image,7,1,
7f0b8a0a616b25e4,hierarchical,image,7,1,
067dab84101e4d40,hierarchical,image,7,1,
9c32fad280ea8306,hierarchical,image,7,1,
d688ea743859b0af,hierarchical,image,7,1,
c7f27f7fd0d5d77b,hierarchical,image,7,1,
e0bee5c0b0d5a7d6,hierarchical,image,7,1,
f3ac148d14f99a51,hierarchical,image,7,1,
9b513da0bbf6fec5,hierarchical,image,7,1,
ab4c6a5c76f157ea,hierarchical,image,7,1,
255623028b70fd39,hierarchical,image,7,1,
a6de1dec67d7aed5,hierarchical,image,7,1,
92617f40c2c43b99,hierarchical,image,7,1,
8025a575373cd6a9,hierarchical,image,7,1,
a51195a2d92d9ff2,hierarchical,image,7,1,
97bbfcfc069b7629,hierarchical,image,7,1,
52c97289f9c9f6dc,hierarchical,image,7,2,
4ca95e3d476453ba,hierarchical,image,7,1,
a8150b5836fa8340,hierarchical,image,7,1,
6bfd058b52069703,hierarchical,image,7,1,
cddd255cbebb9d8e,hierarchical,image,7,1,
65ab556300024c0b,hierarchical,image,7,1,
832f13e7c3d03100,hierarchical,image,7,3,
e6a519ba8dd89268,hierarchical,image,7,1,
77256bc1bfc6a972,hierarchical,image,7,1,
9fc96269778b3b35,hierarchical,image,7,1,
a2d4a495cac2adae,hierarchical,image,7,4,
4de8ea4a98e350d2,hierarchical,image,7,1,
6ff9dd295e18ba9b,hierarchical,image,7,5,
bd7774dcad9acd79,hierarchical,image,7,1,
66cc7c6ebe473f7b,hierarchical,image,7,1,
39719b9e379a0e17,hierarchical,image,7,5,
31f94ec85b9130e2,hierarchical,image,7,1,
4e6eb33dee2b707c,hierarchical,image,7,5,
ab45fc2620cc66ce,hierarchical,image,7,1,
e0760c68f28e0892,hierarchical,image,7,1,
c2a7cdc53f4dd23f,hierarchical,image,7,1,
bcc9cc12c88e11a7,hierarchical,image,7,1,
f0a0fb220faa1075,hierarchical,image,7,1,
709929ff886fee1d,hierarchical,image,7,1,
7e81760c1b53d064,hierarchical,image,7,1,
f3b6090794574209,hierarchical,image,7,1,
6d73856e7180fb8d,hierarchical,image,7,1,
9099811c08fecfa1,hierarchical,image,7,1,
960c8c87ff30f1bf,hierarchical,image,7,1,
0b97f051d6187ce8,hierarchical,image,7,1,
d35e50aec0a064c5,hierarchical,image,7,1,
a1b878174fb512f0,hierarchical,image,7,1,
017f18f80c2b6bb0,hierarchical,image,7,1,
3ae85d1803f6fd0e,hierarchical,image,7,1,
b8d532b96649ad9b,hierarchical,image,7,1,
3fc360c5c4e56a82,hierarchical,image,7,1,
672c5ac5c05045ac,hierarchical,image,7,1,
969d2464f703154e,hierarchical,image,7,1,
9198bbcd6bccdff0,hierarchical,image,7,1,
8eb2ae5e436bf3d9,hierarchical,image,7,1,
395681962a31584b,hierarchical,image,7,1,
5d96dfc9b1190032,hierarchical,image,7,1,
f1c82e0e3033e0f2,hierarchical,image,7,1,
4ce46f5f8d9a06ef,hierarchical,image,7,1,
0db27129c0b71a97,hierarchical,image,7,1,
cad61736ae362480,hierarchical,image,7,1,
e6e2d33ceb0e83af,hierarchical,image,7,1,
0dbe74d0ea5067c3,hierarchical,image,7,1,
397929e89a5a2bf0,hierarchical,image,7,1,
9875309b29ecca62,hierarchical,image,7,1,
b566cf363514b2ce,hierarchical,image,7,1,
d176e3613fd2e8ca,hierarchical,image,7,1,
09f287549c50a508,hierarchical,image,7,1,
2b5b06037a00ac7f,hierarchical,image,7,6,
35be32b4253e6b7e,hierarchical,image,7,1,
4345ee093157bb2b,hierarchical,image,7,1,
0f0ba10ef3a52533,hierarchical,image,7,1,
67facd157d491218,hierarchical,image,7,1,
e93973679234ed81,hierarchical,image,7,1,
db7e3477d2e2096c,hierarchical,image,7,1,
786becad40b24f1e,hierarchical,image,7,1,
6a09c26401d7753b,hierarchical,image,7,1,
38fcc454e8b76e8a,hierarchical,image,10,0,
671222e19754e444,hierarchical,image,10,1,
3167ff62be4a1ae7,hierarchical,image,10,1,
7cb54d2ffd287b95,hierarchical,image,10,1,
c0b01f650a9f3047,hierarchical,image,10,1,
af8efb82a3eaf250,hierarchical,image,10,1,
121de65a284465c5,hierarchical,image,10,1,
276e0f48b2aecf30,hierarchical,image,10,1,
b5c1200b37f8968d,hierarchical,image,10,1,
2dfb8baa45944a16,hierarchical,image,10,1,
80b2d92acb1f6d71,hierarchical,image,10,1,
81cdfb4479630d2b,hierarchical,image,10,2,
da1cc0b972f266c1,hierarchical,image,10,1,
cfb5182dc1998eb7,hierarchical,image,10,1,
453de2a0ac7e4646,hierarchical,image,10,1,
22dd7014ca4e0926,hierarchical,image,10,3,
7ab893955ce53d32,hierarchical,image,10,1,
a775dde68401f18c,hierarchical,image,10,1,
8d956b8fd66bfd40,hierarchical,image,10,1,
951be4fa343dfcc3,hierarchical,image,10,1,
26246a410ab5f5fc,hierarchical,image,10,1,
633d125136da3e33,hierarchical,image,10,1,
70c66f7df237db99,hierarchical,image,10,1,
ca282d9b8d67354b,hierarchical,image,10,1,
bbdb16044679062a,hierarchical,image,10,1,
ce5351620f2eb860,hierarchical,image,10,1,
ab05a4526c352168,hierarchical,image,10,1,
b6aae574e74b8cfe,hierarchical,image,10,1,
c4317c54e3675826,hierarchical,image,10,1,
6cd75929d0d2a3f0,hierarchical,image,10,1,
47e3bd73efa382ae,hierarchical,image,10,1,
ccaf59c0ceb35dab,hierarchical,image,10,1,
e0d2e112cc0df560,hierarchical,image,10,1,
5cea9f126476238d,hierarchical,image,10,1,
714e0ea28c0b44d6,hierarchical,image,10,1,
d2908bcd850fab66,hierarchical,image,10,1,
946f5783ecc3c3d3,hierarchical,image,10,1,
c3af4581e34e912a,hierarchical,image,10,1,
8b56c33a174b9ce3,hierarchical,image,10,1,
13c91a98bdfe97db,hierarchical,image,10,1,
59f7cf4b24c41dc4,hierarchical,image,10,1,
f81f3d24abe2590e,hierarchical,image,10,1,
60fafea65eec88ff,hierarchical,image,10,1,
8ccac8fbcc5ef442,hierarchical,image,10,1,
520986b8f519cbf8,hierarchical,image,10,1,
34ba5b6f56c34d2d,hierarchical,image,10,1,
651ed6b48d4e4ce0,hierarchical,image,10,1,
0a8d3ea6a14b7694,hierarchical,image,10,1,
a6380f9f07fe0748,hierarchical,image,10,1,
8419e26eaf8a2ed7,hierarchical,image,10,1,
f1dbaaccf91a93c6,hierarchical,image,10,1,
1bf6d6502e22fd36,hierarchical,image,10,1,
7f0b8a0a616b25e4,hierarchical,image,10,1,
067dab84101e4d40,hierarchical,image,10,1,
9c32fad280ea8306,hierarchical,image,10,1,
d688ea743859b0af,hierarchical,image,10,1,
c7f27f7fd0d5d77b,hierarchical,image,10,1,
e0bee5c0b0d5a7d6,hierarchical,image,10,1,
f3ac148d14f99a51,hierarchical,image,10,1,
9b513da0bbf6fec5,hierarchical,image,10,1,
ab4c6a5c76f157ea,hierarchical,image,10,1,
255623028b70fd39,hierarchical,image,10,1,
a6de1dec67d7aed5,hierarchical,image,10,1,
92617f40c2c43b99,hierarchical,image,10,1,
8025a575373cd6a9,hierarchical,image,10,1,
a51195a2d92d9ff2,hierarchical,image,10,1,
97bbfcfc069b7629,hierarchical,image,10,1,
52c97289f9c9f6dc,hierarchical,image,10,4,
4ca95e3d476453ba,hierarchical,image,10,1,
a8150b5836fa8340,hierarchical,image,10,1,
6bfd058b52069703,hierarchical,image,10,1,
cddd255cbebb9d8e,hierarchical,image,10,1,
65ab556300024c0b,hierarchical,image,10,1,
832f13e7c3d03100,hierarchical,image,10,5,
e6a519ba8dd89268,hierarchical,image,10,1,
77256bc1bfc6a972,hierarchical,image,10,1,
9fc96269778b3b35,hierarchical,image,10,1,
a2d4a495cac2adae,hierarchical,image,10,6,
4de8ea4a98e350d2,hierarchical,image,10,1,
6ff9dd295e18ba9b,hierarchical,image,10,7,
bd7774dcad9acd79,hierarchical,image,10,1,
66cc7c6ebe473f7b,hierarchical,image,10,1,
39719b9e379a0e17,hierarchical,image,10,7,
31f94ec85b9130e2,hierarchical,image,10,8,
4e6eb33dee2b707c,hierarchical,image,10,7,
ab45fc2620cc66ce,hierarchical,image,10,8,
e0760c68f28e0892,hierarchical,image,10,1,
c2a7cdc53f4dd23f,hierarchical,image,10,1,
bcc9cc12c88e11a7,hierarchical,image,10,1,
f0a0fb220faa1075,hierarchical,image,10,1,
709929ff886fee1d,hierarchical,image,10,1,
7e81760c1b53d064,hierarchical,image,10,1,
f3b6090794574209,hierarchical,image,10,1,
6d73856e7180fb8d,hierarchical,image,10,1,
9099811c08fecfa1,hierarchical,image,10,1,
960c8c87ff30f1bf,hierarchical,image,10,1,
0b97f051d6187ce8,hierarchical,image,10,1,
d35e50aec0a064c5,hierarchical,image,10,1,
a1b878174fb512f0,hierarchical,image,10,1,
017f18f80c2b6bb0,hierarchical,image,10,1,
3ae85d1803f6fd0e,hierarchical,image,10,1,
b8d532b96649ad9b,hierarchical,image,10,1,
3fc360c5c4e56a82,hierarchical,image,10,1,
672c5ac5c05045ac,hierarchical,image,10,1,
969d2464f703154e,hierarchical,image,10,1,
9198bbcd6bccdff0,hierarchical,image,10,1,
8eb2ae5e436bf3d9,hierarchical,image,10,1,
395681962a31584b,hierarchical,image,10,1,
5d96dfc9b1190032,hierarchical,image,10,1,
f1c82e0e3033e0f2,hierarchical,image,10,1,
4ce46f5f8d9a06ef,hierarchical,image,10,1,
0db27129c0b71a97,hierarchical,image,10,1,
cad61736ae362480,hierarchical,image,10,1,
e6e2d33ceb0e83af,hierarchical,image,10,1,
0dbe74d0ea5067c3,hierarchical,image,10,1,
397929e89a5a2bf0,hierarchical,image,10,1,
9875309b29ecca62,hierarchical,image,10,1,
b566cf363514b2ce,hierarchical,image,10,1,
d176e3613fd2e8ca,hierarchical,image,10,1,
09f287549c50a508,hierarchical,image,10,1,
2b5b06037a00ac7f,hierarchical,image,10,9,
35be32b4253e6b7e,hierarchical,image,10,1,
4345ee093157bb2b,hierarchical,image,10,1,
0f0ba10ef3a52533,hierarchical,image,10,1,
67facd157d491218,hierarchical,image,10,1,
e93973679234ed81,hierarchical,image,10,1,
db7e3477d2e2096c,hierarchical,image,10,1,
786becad40b24f1e,hierarchical,image,10,1,
6a09c26401d7753b,hierarchical,image,10,1,
38fcc454e8b76e8a,hierarchical,metadata,3,0,
671222e19754e444,hierarchical,metadata,3,0,
3167ff62be4a1ae7,hierarchical,metadata,3,0,
7cb54d2ffd287b95,hierarchical,metadata,3,1,
c0b01f650a9f3047,hierarchical,metadata,3,0,
af8efb82a3eaf250,hierarchical,metadata,3,0,
121de65a284465c5,hierarchical,metadata,3,0,
276e0f48b2aecf30,hierarchical,metadata,3,0,
b5c1200b37f8968d,hierarchical,metadata,3,0,
2dfb8baa45944a16,hierarchical,metadata,3,0,
80b2d92acb1f6d71,hierarchical,metadata,3,2,
81cdfb4479630d2b,hierarchical,metadata,3,2,
da1cc0b972f266c1,hierarchical,metadata,3,2,
cfb5182dc1998eb7,hierarchical,metadata,3,2,
453de2a0ac7e4646,hierarchical,metadata,3,2,
22dd7014ca4e0926,hierarchical,metadata,3,2,
7ab893955ce53d32,hierarchical,metadata,3,2,
a775dde68401f18c,hierarchical,metadata,3,2,
8d956b8fd66bfd40,hierarchical,metadata,3,2,
951be4fa343dfcc3,hierarchical,metadata,3,2,
26246a410ab5f5fc,hierarchical,metadata,3,2,
633d125136da3e33,hierarchical,metadata,3,2,
70c66f7df237db99,hierarchical,metadata,3,2,
ca282d9b8d67354b,hierarchical,metadata,3,2,
bbdb16044679062a,hierarchical,metadata,3,2,
ce5351620f2eb860,hierarchical,metadata,3,2,
ab05a4526c352168,hierarchical,metadata,3,2,
b6aae574e74b8cfe,hierarchical,metadata,3,2,
c4317c54e3675826,hierarchical,metadata,3,2,
6cd75929d0d2a3f0,hierarchical,metadata,3,2,
47e3bd73efa382ae,hierarchical,metadata,3,2,
ccaf59c0ceb35dab,hierarchical,metadata,3,2,
e0d2e112cc0df560,hierarchical,metadata,3,2,
5cea9f126476238d,hierarchical,metadata,3,2,
714e0ea28c0b44d6,hierarchical,metadata,3,2,
d2908bcd850fab66,hierarchical,metadata,3,2,
946f5783ecc3c3d3,hierarchical,metadata,3,2,
c3af4581e34e912a,hierarchical,metadata,3,2,
8b56c33a174b9ce3,hierarchical,metadata,3,2,
13c91a98bdfe97db,hierarchical,metadata,3,2,
59f7cf4b24c41dc4,hierarchical,metadata,3,2,
f81f3d24abe2590e,hierarchical,metadata,3,2,
60fafea65eec88ff,hierarchical,metadata,3,2,
8ccac8fbcc5ef442,hierarchical,metadata,3,2,
520986b8f519cbf8,hierarchical,metadata,3,2,
34ba5b6f56c34d2d,hierarchical,metadata,3,2,
651ed6b48d4e4ce0,hierarchical,metadata,3,2,
0a8d3ea6a14b7694,hierarchical,metadata,3,2,
a6380f9f07fe0748,hierarchical,metadata,3,2,
8419e26eaf8a2ed7,hierarchical,metadata,3,2,
f1dbaaccf91a93c6,hierarchical,metadata,3,2,
1bf6d6502e22fd36,hierarchical,metadata,3,2,
7f0b8a0a616b25e4,hierarchical,metadata,3,2,
067dab84101e4d40,hierarchical,metadata,3,2,
9c32fad280ea8306,hierarchical,metadata,3,2,
d688ea743859b0af,hierarchical,metadata,3,2,
c7f27f7fd0d5d77b,hierarchical,metadata,3,2,
e0bee5c0b0d5a7d6,hierarchical,metadata,3,2,
f3ac148d14f99a51,hierarchical,metadata,3,2,
9b513da0bbf6fec5,hierarchical,metadata,3,2,
ab4c6a5c76f157ea,hierarchical,metadata,3,2,
255623028b70fd39,hierarchical,metadata,3,2,
a6de1dec67d7aed5,hierarchical,metadata,3,2,
92617f40c2c43b99,hierarchical,metadata,3,2,
8025a575373cd6a9,hierarchical,metadata,3,2,
a51195a2d92d9ff2,hierarchical,metadata,3,2,
97bbfcfc069b7629,hierarchical,metadata,3,2,
52c97289f9c9f6dc,hierarchical,metadata,3,2,
4ca95e3d476453ba,hierarchical,metadata,3,2,
a8150b5836fa8340,hierarchical,metadata,3,2,
6bfd058b52069703,hierarchical,metadata,3,2,
cddd255cbebb9d8e,hierarchical,metadata,3,2,
65ab556300024c0b,hierarchical,metadata,3,2,
832f13e7c3d03100,hierarchical,metadata,3,2,
e6a519ba8dd89268,hierarchical,metadata,3,2,
77256bc1bfc6a972,hierarchical,metadata,3,2,
9fc96269778b3b35,hierarchical,metadata,3,2,
a2d4a495cac2adae,hierarchical,metadata,3,2,
4de8ea4a98e350d2,hierarchical,metadata,3,2,
6ff9dd295e18ba9b,hierarchical,metadata,3,2,
bd7774dcad9acd79,hierarchical,metadata,3,2,
66cc7c6ebe473f7b,hierarchical,metadata,3,2,
39719b9e379a0e17,hierarchical,metadata,3,2,
31f94ec85b9130e2,hierarchical,metadata,3,2,
4e6eb33dee2b707c,hierarchical,metadata,3,2,
ab45fc2620cc66ce,hierarchical,metadata,3,2,
e0760c68f28e0892,hierarchical,metadata,3,2,
c2a7cdc53f4dd23f,hierarchical,metadata,3,2,
bcc9cc12c88e11a7,hierarchical,metadata,3,2,
f0a0fb220faa1075,hierarchical,metadata,3,2,
709929ff886fee1d,hierarchical,metadata,3,2,
7e81760c1b53d064,hierarchical,metadata,3,2,
f3b6090794574209,hierarchical,metadata,3,2,
6d73856e7180fb8d,hierarchical,metadata,3,2,
9099811c08fecfa1,hierarchical,metadata,3,2,
960c8c87ff30f1bf,hierarchical,metadata,3,2,
0b97f051d6187ce8,hierarchical,metadata,3,2,
d35e50aec0a064c5,hierarchical,metadata,3,2,
a1b878174fb512f0,hierarchical,metadata,3,2,
017f18f80c2b6bb0,hierarchical,metadata,3,2,
3ae85d1803f6fd0e,hierarchical,metadata,3,2,
b8d532b96649ad9b,hierarchical,metadata,3,2,
3fc360c5c4e56a82,hierarchical,metadata,3,2,
672c5ac5c05045ac,hierarchical,metadata,3,2,
969d2464f703154e,hierarchical,metadata,3,2,
9198bbcd6bccdff0,hierarchical,metadata,3,2,
8eb2ae5e436bf3d9,hierarchical,metadata,3,2,
395681962a31584b,hierarchical,metadata,3,2,
5d96dfc9b1190032,hierarchical,metadata,3,2,
f1c82e0e3033e0f2,hierarchical,metadata,3,2,
4ce46f5f8d9a06ef,hierarchical,metadata,3,2,
0db27129c0b71a97,hierarchical,metadata,3,2,
cad61736ae362480,hierarchical,metadata,3,2,
e6e2d33ceb0e83af,hierarchical,metadata,3,2,
0dbe74d0ea5067c3,hierarchical,metadata,3,2,
397929e89a5a2bf0,hierarchical,metadata,3,2,
9875309b29ecca62,hierarchical,metadata,3,2,
b566cf363514b2ce,hierarchical,metadata,3,2,
d176e3613fd2e8ca,hierarchical,metadata,3,2,
09f287549c50a508,hierarchical,metadata,3,2,
2b5b06037a00ac7f,hierarchical,metadata,3,2,
35be32b4253e6b7e,hierarchical,metadata,3,2,
4345ee093157bb2b,hierarchical,metadata,3,2,
0f0ba10ef3a52533,hierarchical,metadata,3,2,
67facd157d491218,hierarchical,metadata,3,2,
e93973679234ed81,hierarchical,metadata,3,2,
db7e3477d2e2096c,hierarchical,metadata,3,2,
786becad40b24f1e,hierarchical,metadata,3,2,
6a09c26401d7753b,hierarchical,metadata,3,2,
38fcc454e8b76e8a,hierarchical,metadata,5,0,
671222e19754e444,hierarchical,metadata,5,0,
3167ff62be4a1ae7,hierarchical,metadata,5,0,
7cb54d2ffd287b95,hierarchical,metadata,5,1,
c0b01f650a9f3047,hierarchical,metadata,5,0,
af8efb82a3eaf250,hierarchical,metadata,5,2,
121de65a284465c5,hierarchical,metadata,5,0,
276e0f48b2aecf30,hierarchical,metadata,5,0,
b5c1200b37f8968d,hierarchical,metadata,5,3,
2dfb8baa45944a16,hierarchical,metadata,5,2,
80b2d92acb1f6d71,hierarchical,metadata,5,4,
81cdfb4479630d2b,hierarchical,metadata,5,4,
da1cc0b972f266c1,hierarchical,metadata,5,4,
cfb5182dc1998eb7,hierarchical,metadata,5,4,
453de2a0ac7e4646,hierarchical,metadata,5,4,
22dd7014ca4e0926,hierarchical,metadata,5,4,
7ab893955ce53d32,hierarchical,metadata,5,4,
a775dde68401f18c,hierarchical,metadata,5,4,
8d956b8fd66bfd40,hierarchical,metadata,5,4,
951be4fa343dfcc3,hierarchical,metadata,5,4,
26246a410ab5f5fc,hierarchical,metadata,5,4,
633d125136da3e33,hierarchical,metadata,5,4,
70c66f7df237db99,hierarchical,metadata,5,4,
ca282d9b8d67354b,hierarchical,metadata,5,4,
bbdb16044679062a,hierarchical,metadata,5,4,
ce5351620f2eb860,hierarchical,metadata,5,4,
ab05a4526c352168,hierarchical,metadata,5,4,
b6aae574e74b8cfe,hierarchical,metadata,5,4,
c4317c54e3675826,hierarchical,metadata,5,4,
6cd75929d0d2a3f0,hierarchical,metadata,5,4,
47e3bd73efa382ae,hierarchical,metadata,5,4,
ccaf59c0ceb35dab,hierarchical,metadata,5,4,
e0d2e112cc0df560,hierarchical,metadata,5,4,
5cea9f126476238d,hierarchical,metadata,5,4,
714e0ea28c0b44d6,hierarchical,metadata,5,4,
d2908bcd850fab66,hierarchical,metadata,5,4,
946f5783ecc3c3d3,hierarchical,metadata,5,4,
c3af4581e34e912a,hierarchical,metadata,5,4,
8b56c33a174b9ce3,hierarchical,metadata,5,4,
13c91a98bdfe97db,hierarchical,metadata,5,4,
59f7cf4b24c41dc4,hierarchical,metadata,5,4,
f81f3d24abe2590e,hierarchical,metadata,5,4,
60fafea65eec88ff,hierarchical,metadata,5,4,
8ccac8fbcc5ef442,hierarchical,metadata,5,4,
520986b8f519cbf8,hierarchical,metadata,5,4,
34ba5b6f56c34d2d,hierarchical,metadata,5,4,
651ed6b48d4e4ce0,hierarchical,metadata,5,4,
0a8d3ea6a14b7694,hierarchical,metadata,5,4,
a6380f9f07fe0748,hierarchical,metadata,5,4,
8419e26eaf8a2ed7,hierarchical,metadata,5,4,
f1dbaaccf91a93c6,hierarchical,metadata,5,4,
1bf6d6502e22fd36,hierarchical,metadata,5,4,
7f0b8a0a616b25e4,hierarchical,metadata,5,4,
067dab84101e4d40,hierarchical,metadata,5,4,
9c32fad280ea8306,hierarchical,metadata,5,4,
d688ea743859b0af,hierarchical,metadata,5,4,
c7f27f7fd0d5d77b,hierarchical,metadata,5,4,
e0bee5c0b0d5a7d6,hierarchical,metadata,5,4,
f3ac148d14f99a51,hierarchical,metadata,5,4,
9b513da0bbf6fec5,hierarchical,metadata,5,4,
ab4c6a5c76f157ea,hierarchical,metadata,5,4,
255623028b70fd39,hierarchical,metadata,5,4,
a6de1dec67d7aed5,hierarchical,metadata,5,4,
92617f40c2c43b99,hierarchical,metadata,5,4,
8025a575373cd6a9,hierarchical,metadata,5,4,
a51195a2d92d9ff2,hierarchical,metadata,5,4,
97bbfcfc069b7629,hierarchical,metadata,5,4,
52c97289f9c9f6dc,hierarchical,metadata,5,4,
4ca95e3d476453ba,hierarchical,metadata,5,4,
a8150b5836fa8340,hierarchical,metadata,5,4,
6bfd058b52069703,hierarchical,metadata,5,4,
cddd255cbebb9d8e,hierarchical,metadata,5,4,
65ab556300024c0b,hierarchical,metadata,5,4,
832f13e7c3d03100,hierarchical,metadata,5,4,
e6a519ba8dd89268,hierarchical,metadata,5,4,
77256bc1bfc6a972,hierarchical,metadata,5,4,
9fc96269778b3b35,hierarchical,metadata,5,4,
a2d4a495cac2adae,hierarchical,metadata,5,4,
4de8ea4a98e350d2,hierarchical,metadata,5,4,
6ff9dd295e18ba9b,hierarchical,metadata,5,4,
bd7774dcad9acd79,hierarchical,metadata,5,4,
66cc7c6ebe473f7b,hierarchical,metadata,5,4,
39719b9e379a0e17,hierarchical,metadata,5,4,
31f94ec85b9130e2,hierarchical,metadata,5,4,
4e6eb33dee2b707c,hierarchical,metadata,5,4,
ab45fc2620cc66ce,hierarchical,metadata,5,4,
e0760c68f28e0892,hierarchical,metadata,5,4,
c2a7cdc53f4dd23f,hierarchical,metadata,5,4,
bcc9cc12c88e11a7,hierarchical,metadata,5,4,
f0a0fb220faa1075,hierarchical,metadata,5,4,
709929ff886fee1d,hierarchical,metadata,5,4,
7e81760c1b53d064,hierarchical,metadata,5,4,
f3b6090794574209,hierarchical,metadata,5,4,
6d73856e7180fb8d,hierarchical,metadata,5,4,
9099811c08fecfa1,hierarchical,metadata,5,4,
960c8c87ff30f1bf,hierarchical,metadata,5,4,
0b97f051d6187ce8,hierarchical,metadata,5,4,
d35e50aec0a064c5,hierarchical,metadata,5,4,
a1b878174fb512f0,hierarchical,metadata,5,4,
017f18f80c2b6bb0,hierarchical,metadata,5,4,
3ae85d1803f6fd0e,hierarchical,metadata,5,4,
b8d532b96649ad9b,hierarchical,metadata,5,4,
3fc360c5c4e56a82,hierarchical,metadata,5,4,
672c5ac5c05045ac,hierarchical,metadata,5,4,
969d2464f703154e,hierarchical,metadata,5,4,
9198bbcd6bccdff0,hierarchical,metadata,5,4,
8eb2ae5e436bf3d9,hierarchical,metadata,5,4,
395681962a31584b,hierarchical,metadata,5,4,
5d96dfc9b1190032,hierarchical,metadata,5,4,
f1c82e0e3033e0f2,hierarchical,metadata,5,4,
4ce46f5f8d9a06ef,hierarchical,metadata,5,4,
0db27129c0b71a97,hierarchical,metadata,5,4,
cad61736ae362480,hierarchical,metadata,5,4,
e6e2d33ceb0e83af,hierarchical,metadata,5,4,
0dbe74d0ea5067c3,hierarchical,metadata,5,4,
397929e89a5a2bf0,hierarchical,metadata,5,4,
9875309b29ecca62,hierarchical,metadata,5,4,
b566cf363514b2ce,hierarchical,metadata,5,4,
d176e3613fd2e8ca,hierarchical,metadata,5,4,
09f287549c50a508,hierarchical,metadata,5,4,
2b5b06037a00ac7f,hierarchical,metadata,5,4,
35be32b4253e6b7e,hierarchical,metadata,5,4,
4345ee093157bb2b,hierarchical,metadata,5,4,
0f0ba10ef3a52533,hierarchical,metadata,5,4,
67facd157d491218,hierarchical,metadata,5,4,
e93973679234ed81,hierarchical,metadata,5,4,
db7e3477d2e2096c,hierarchical,metadata,5,4,
786becad40b24f1e,hierarchical,metadata,5,4,
6a09c26401d7753b,hierarchical,metadata,5,4,
38fcc454e8b76e8a,hierarchical,metadata,7,0,
671222e19754e444,hierarchical,metadata,7,0,
3167ff62be4a1ae7,hierarchical,metadata,7,0,
7cb54d2ffd287b95,hierarchical,metadata,7,1,
c0b01f650a9f3047,hierarchical,metadata,7,0,
af8efb82a3eaf250,hierarchical,metadata,7,2,
121de65a284465c5,hierarchical,metadata,7,0,
276e0f48b2aecf30,hierarchical,metadata,7,0,
b5c1200b37f8968d,hierarchical,metadata,7,3,
2dfb8baa45944a16,hierarchical,metadata,7,2,
80b2d92acb1f6d71,hierarchical,metadata,7,4,
81cdfb4479630d2b,hierarchical,metadata,7,4,
da1cc0b972f266c1,hierarchical,metadata,7,4,
cfb5182dc1998eb7,hierarchical,metadata,7,4,
453de2a0ac7e4646,hierarchical,metadata,7,4,
22dd7014ca4e0926,hierarchical,metadata,7,4,
7ab893955ce53d32,hierarchical,metadata,7,4,
a775dde68401f18c,hierarchical,metadata,7,4,
8d956b8fd66bfd40,hierarchical,metadata,7,4,
951be4fa343dfcc3,hierarchical,metadata,7,4,
26246a410ab5f5fc,hierarchical,metadata,7,5,
633d125136da3e33,hierarchical,metadata,7,5,
70c66f7df237db99,hierarchical,metadata,7,5,
ca282d9b8d67354b,hierarchical,metadata,7,5,
bbdb16044679062a,hierarchical,metadata,7,5,
ce5351620f2eb860,hierarchical,metadata,7,5,
ab05a4526c352168,hierarchical,metadata,7,5,
b6aae574e74b8cfe,hierarchical,metadata,7,5,
c4317c54e3675826,hierarchical,metadata,7,5,
6cd75929d0d2a3f0,hierarchical,metadata,7,5,
47e3bd73efa382ae,hierarchical,metadata,7,4,
ccaf59c0ceb35dab,hierarchical,metadata,7,4,
e0d2e112cc0df560,hierarchical,metadata,7,4,
5cea9f126476238d,hierarchical,metadata,7,4,
714e0ea28c0b44d6,hierarchical,metadata,7,4,
d2908bcd850fab66,hierarchical,metadata,7,4,
946f5783ecc3c3d3,hierarchical,metadata,7,4,
c3af4581e34e912a,hierarchical,metadata,7,4,
8b56c33a174b9ce3,hierarchical,metadata,7,4,
13c91a98bdfe97db,hierarchical,metadata,7,4,
59f7cf4b24c41dc4,hierarchical,metadata,7,4,
f81f3d24abe2590e,hierarchical,metadata,7,4,
60fafea65eec88ff,hierarchical,metadata,7,4,
8ccac8fbcc5ef442,hierarchical,metadata,7,4,
520986b8f519cbf8,hierarchical,metadata,7,4,
34ba5b6f56c34d2d,hierarchical,metadata,7,4,
651ed6b48d4e4ce0,hierarchical,metadata,7,4,
0a8d3ea6a14b7694,hierarchical,metadata,7,4,
a6380f9f07fe0748,hierarchical,metadata,7,4,
8419e26eaf8a2ed7,hierarchical,metadata,7,4,
f1dbaaccf91a93c6,hierarchical,metadata,7,4,
1bf6d6502e22fd36,hierarchical,metadata,7,4,
7f0b8a0a616b25e4,hierarchical,metadata,7,4,
067dab84101e4d40,hierarchical,metadata,7,4,
9c32fad280ea8306,hierarchical,metadata,7,4,
d688ea743859b0af,hierarchical,metadata,7,4,
c7f27f7fd0d5d77b,hierarchical,metadata,7,4,
e0bee5c0b0d5a7d6,hierarchical,metadata,7,4,
f3ac148d14f99a51,hierarchical,metadata,7,4,
9b513da0bbf6fec5,hierarchical,metadata,7,4,
ab4c6a5c76f157ea,hierarchical,metadata,7,4,
255623028b70fd39,hierarchical,metadata,7,4,
a6de1dec67d7aed5,hierarchical,metadata,7,4,
92617f40c2c43b99,hierarchical,metadata,7,4,
8025a575373cd6a9,hierarchical,metadata,7,4,
a51195a2d92d9ff2,hierarchical,metadata,7,4,
97bbfcfc069b7629,hierarchical,metadata,7,4,
52c97289f9c9f6dc,hierarchical,metadata,7,4,
4ca95e3d476453ba,hierarchical,metadata,7,4,
a8150b5836fa8340,hierarchical,metadata,7,4,
6bfd058b52069703,hierarchical,metadata,7,4,
cddd255cbebb9d8e,hierarchical,metadata,7,4,
65ab556300024c0b,hierarchical,metadata,7,4,
832f13e7c3d03100,hierarchical,metadata,7,4,
e6a519ba8dd89268,hierarchical,metadata,7,4,
77256bc1bfc6a972,hierarchical,metadata,7,4,
9fc96269778b3b35,hierarchical,metadata,7,4,
a2d4a495cac2adae,hierarchical,metadata,7,4,
4de8ea4a98e350d2,hierarchical,metadata,7,4,
6ff9dd295e18ba9b,hierarchical,metadata,7,4,
bd7774dcad9acd79,hierarchical,metadata,7,4,
66cc7c6ebe473f7b,hierarchical,metadata,7,4,
39719b9e379a0e17,hierarchical,metadata,7,4,
31f94ec85b9130e2,hierarchical,metadata,7,4,
4e6eb33dee2b707c,hierarchical,metadata,7,4,
ab45fc2620cc66ce,hierarchical,metadata,7,4,
e0760c68f28e0892,hierarchical,metadata,7,4,
c2a7cdc53f4dd23f,hierarchical,metadata,7,4,
bcc9cc12c88e11a7,hierarchical,metadata,7,4,
f0a0fb220faa1075,hierarchical,metadata,7,4,
709929ff886fee1d,hierarchical,metadata,7,4,
7e81760c1b53d064,hierarchical,metadata,7,4,
f3b6090794574209,hierarchical,metadata,7,4,
6d73856e7180fb8d,hierarchical,metadata,7,4,
9099811c08fecfa1,hierarchical,metadata,7,4,
960c8c87ff30f1bf,hierarchical,metadata,7,4,
0b97f051d6187ce8,hierarchical,metadata,7,4,
d35e50aec0a064c5,hierarchical,metadata,7,4,
a1b878174fb512f0,hierarchical,metadata,7,4,
017f18f80c2b6bb0,hierarchical,metadata,7,4,
3ae85d1803f6fd0e,hierarchical,metadata,7,4,
b8d532b96649ad9b,hierarchical,metadata,7,4,
3fc360c5c4e56a82,hierarchical,metadata,7,4,
672c5ac5c05045ac,hierarchical,metadata,7,4,
969d2464f703154e,hierarchical,metadata,7,4,
9198bbcd6bccdff0,hierarchical,metadata,7,4,
8eb2ae5e436bf3d9,hierarchical,metadata,7,4,
395681962a31584b,hierarchical,metadata,7,4,
5d96dfc9b1190032,hierarchical,metadata,7,4,
f1c82e0e3033e0f2,hierarchical,metadata,7,6,
4ce46f5f8d9a06ef,hierarchical,metadata,7,6,
0db27129c0b71a97,hierarchical,metadata,7,6,
cad61736ae362480,hierarchical,metadata,7,6,
e6e2d33ceb0e83af,hierarchical,metadata,7,6,
0dbe74d0ea5067c3,hierarchical,metadata,7,6,
397929e89a5a2bf0,hierarchical,metadata,7,6,
9875309b29ecca62,hierarchical,metadata,7,6,
b566cf363514b2ce,hierarchical,metadata,7,6,
d176e3613fd2e8ca,hierarchical,metadata,7,6,
09f287549c50a508,hierarchical,metadata,7,4,
2b5b06037a00ac7f,hierarchical,metadata,7,4,
35be32b4253e6b7e,hierarchical,metadata,7,4,
4345ee093157bb2b,hierarchical,metadata,7,4,
0f0ba10ef3a52533,hierarchical,metadata,7,4,
67facd157d491218,hierarchical,metadata,7,4,
e93973679234ed81,hierarchical,metadata,7,4,
db7e3477d2e2096c,hierarchical,metadata,7,4,
786becad40b24f1e,hierarchical,metadata,7,4,
6a09c26401d7753b,hierarchical,metadata,7,4,
38fcc454e8b76e8a,hierarchical,metadata,10,0,
671222e19754e444,hierarchical,metadata,10,1,
3167ff62be4a1ae7,hierarchical,metadata,10,2,
7cb54d2ffd287b95,hierarchical,metadata,10,3,
c0b01f650a9f3047,hierarchical,metadata,10,1,
af8efb82a3eaf250,hierarchical,metadata,10,4,
121de65a284465c5,hierarchical,metadata,10,1,
276e0f48b2aecf30,hierarchical,metadata,10,1,
b5c1200b37f8968d,hierarchical,metadata,10,5,
2dfb8baa45944a16,hierarchical,metadata,10,4,
80b2d92acb1f6d71,hierarchical,metadata,10,6,
81cdfb4479630d2b,hierarchical,metadata,10,6,
da1cc0b972f266c1,hierarchical,metadata,10,6,
cfb5182dc1998eb7,hierarchical,metadata,10,6,
453de2a0ac7e4646,hierarchical,metadata,10,6,
22dd7014ca4e0926,hierarchical,metadata,10,6,
7ab893955ce53d32,hierarchical,metadata,10,6,
a775dde68401f18c,hierarchical,metadata,10,6,
8d956b8fd66bfd40,hierarchical,metadata,10,6,
951be4fa343dfcc3,hierarchical,metadata,10,6,
26246a410ab5f5fc,hierarchical,metadata,10,7,
633d125136da3e33,hierarchical,metadata,10,7,
70c66f7df237db99,hierarchical,metadata,10,7,
ca282d9b8d67354b,hierarchical,metadata,10,7,
bbdb16044679062a,hierarchical,metadata,10,7,
ce5351620f2eb860,hierarchical,metadata,10,7,
ab05a4526c352168,hierarchical,metadata,10,7,
b6aae574e74b8cfe,hierarchical,metadata,10,7,
c4317c54e3675826,hierarchical,metadata,10,7,
6cd75929d0d2a3f0,hierarchical,metadata,10,7,
47e3bd73efa382ae,hierarchical,metadata,10,6,
ccaf59c0ceb35dab,hierarchical,metadata,10,6,
e0d2e112cc0df560,hierarchical,metadata,10,6,
5cea9f126476238d,hierarchical,metadata,10,6,
714e0ea28c0b44d6,hierarchical,metadata,10,6,
d2908bcd850fab66,hierarchical,metadata,10,6,
946f5783ecc3c3d3,hierarchical,metadata,10,6,
c3af4581e34e912a,hierarchical,metadata,10,6,
8b56c33a174b9ce3,hierarchical,metadata,10,6,
13c91a98bdfe97db,hierarchical,metadata,10,6,
59f7cf4b24c41dc4,hierarchical,metadata,10,6,
f81f3d24abe2590e,hierarchical,metadata,10,6,
60fafea65eec88ff,hierarchical,metadata,10,6,
8ccac8fbcc5ef442,hierarchical,metadata,10,6,
520986b8f519cbf8,hierarchical,metadata,10,6,
34ba5b6f56c34d2d,hierarchical,metadata,10,6,
651ed6b48d4e4ce0,hierarchical,metadata,10,6,
0a8d3ea6a14b7694,hierarchical,metadata,10,6,
a6380f9f07fe0748,hierarchical,metadata,10,6,
8419e26eaf8a2ed7,hierarchical,metadata,10,6,
f1dbaaccf91a93c6,hierarchical,metadata,10,6,
1bf6d6502e22fd36,hierarchical,metadata,10,6,
7f0b8a0a616b25e4,hierarchical,metadata,10,6,
067dab84101e4d40,hierarchical,metadata,10,6,
9c32fad280ea8306,hierarchical,metadata,10,6,
d688ea743859b0af,hierarchical,metadata,10,6,
c7f27f7fd0d5d77b,hierarchical,metadata,10,6,
e0bee5c0b0d5a7d6,hierarchical,metadata,10,6,
f3ac148d14f99a51,hierarchical,metadata,10,6,
9b513da0bbf6fec5,hierarchical,metadata,10,6,
ab4c6a5c76f157ea,hierarchical,metadata,10,8,
255623028b70fd39,hierarchical,metadata,10,8,
a6de1dec67d7aed5,hierarchical,metadata,10,8,
92617f40c2c43b99,hierarchical,metadata,10,8,
8025a575373cd6a9,hierarchical,metadata,10,8,
a51195a2d92d9ff2,hierarchical,metadata,10,8,
97bbfcfc069b7629,hierarchical,metadata,10,8,
52c97289f9c9f6dc,hierarchical,metadata,10,8,
4ca95e3d476453ba,hierarchical,metadata,10,8,
a8150b5836fa8340,hierarchical,metadata,10,8,
6bfd058b52069703,hierarchical,metadata,10,8,
cddd255cbebb9d8e,hierarchical,metadata,10,8,
65ab556300024c0b,hierarchical,metadata,10,8,
832f13e7c3d03100,hierarchical,metadata,10,8,
e6a519ba8dd89268,hierarchical,metadata,10,8,
77256bc1bfc6a972,hierarchical,metadata,10,8,
9fc96269778b3b35,hierarchical,metadata,10,8,
a2d4a495cac2adae,hierarchical,metadata,10,8,
4de8ea4a98e350d2,hierarchical,metadata,10,8,
6ff9dd295e18ba9b,hierarchical,metadata,10,6,
bd7774dcad9acd79,hierarchical,metadata,10,6,
66cc7c6ebe473f7b,hierarchical,metadata,10,6,
39719b9e379a0e17,hierarchical,metadata,10,6,
31f94ec85b9130e2,hierarchical,metadata,10,6,
4e6eb33dee2b707c,hierarchical,metadata,10,6,
ab45fc2620cc66ce,hierarchical,metadata,10,6,
e0760c68f28e0892,hierarchical,metadata,10,6,
c2a7cdc53f4dd23f,hierarchical,metadata,10,6,
bcc9cc12c88e11a7,hierarchical,metadata,10,6,
f0a0fb220faa1075,hierarchical,metadata,10,6,
709929ff886fee1d,hierarchical,metadata,10,6,
7e81760c1b53d064,hierarchical,metadata,10,6,
f3b6090794574209,hierarchical,metadata,10,6,
6d73856e7180fb8d,hierarchical,metadata,10,6,
9099811c08fecfa1,hierarchical,metadata,10,6,
960c8c87ff30f1bf,hierarchical,metadata,10,6,
0b97f051d6187ce8,hierarchical,metadata,10,6,
d35e50aec0a064c5,hierarchical,metadata,10,6,
a1b878174fb512f0,hierarchical,metadata,10,6,
017f18f80c2b6bb0,hierarchical,metadata,10,6,
3ae85d1803f6fd0e,hierarchical,metadata,10,6,
b8d532b96649ad9b,hierarchical,metadata,10,6,
3fc360c5c4e56a82,hierarchical,metadata,10,6,
672c5ac5c05045ac,hierarchical,metadata,10,6,
969d2464f703154e,hierarchical,metadata,10,6,
9198bbcd6bccdff0,hierarchical,metadata,10,6,
8eb2ae5e436bf3d9,hierarchical,metadata,10,6,
395681962a31584b,hierarchical,metadata,10,6,
5d96dfc9b1190032,hierarchical,metadata,10,6,
f1c82e0e3033e0f2,hierarchical,metadata,10,9,
4ce46f5f8d9a06ef,hierarchical,metadata,10,9,
0db27129c0b71a97,hierarchical,metadata,10,9,
cad61736ae362480,hierarchical,metadata,10,9,
e6e2d33ceb0e83af,hierarchical,metadata,10,9,
0dbe74d0ea5067c3,hierarchical,metadata,10,9,
397929e89a5a2bf0,hierarchical,metadata,10,9,
9875309b29ecca62,hierarchical,metadata,10,9,
b566cf363514b2ce,hierarchical,metadata,10,9,
d176e3613fd2e8ca,hierarchical,metadata,10,9,
09f287549c50a508,hierarchical,metadata,10,8,
2b5b06037a00ac7f,hierarchical,metadata,10,8,
35be32b4253e6b7e,hierarchical,metadata,10,8,
4345ee093157bb2b,hierarchical,metadata,10,8,
0f0ba10ef3a52533,hierarchical,metadata,10,8,
67facd157d491218,hierarchical,metadata,10,8,
e93973679234ed81,hierarchical,metadata,10,8,
db7e3477d2e2096c,hierarchical,metadata,10,8,
786becad40b24f1e,hierarchical,metadata,10,8,
6a09c26401d7753b,hierarchical,metadata,10,8,
38fcc454e8b76e8a,hierarchical,combined,3,0,
671222e19754e444,hierarchical,combined,3,0,
3167ff62be4a1ae7,hierarchical,combined,3,0,
7cb54d2ffd287b95,hierarchical,combined,3,0,
c0b01f650a9f3047,hierarchical,combined,3,0,
af8efb82a3eaf250,hierarchical,combined,3,0,
121de65a284465c5,hierarchical,combined,3,0,
276e0f48b2aecf30,hierarchical,combined,3,0,
b5c1200b37f8968d,hierarchical,combined,3,0,
2dfb8baa45944a16,hierarchical,combined,3,0,
80b2d92acb1f6d71,hierarchical,combined,3,1,
81cdfb4479630d2b,hierarchical,combined,3,1,
da1cc0b972f266c1,hierarchical,combined,3,1,
cfb5182dc1998eb7,hierarchical,combined,3,1,
453de2a0ac7e4646,hierarchical,combined,3,1,
22dd7014ca4e0926,hierarchical,combined,3,1,
7ab893955ce53d32,hierarchical,combined,3,1,
a775dde68401f18c,hierarchical,combined,3,1,
8d956b8fd66bfd40,hierarchical,combined,3,1,
951be4fa343dfcc3,hierarchical,combined,3,1,
26246a410ab5f5fc,hierarchical,combined,3,1,
633d125136da3e33,hierarchical,combined,3,1,
70c66f7df237db99,hierarchical,combined,3,1,
ca282d9b8d67354b,hierarchical,combined,3,1,
bbdb16044679062a,hierarchical,combined,3,1,
ce5351620f2eb860,hierarchical,combined,3,1,
ab05a4526c352168,hierarchical,combined,3,1,
b6aae574e74b8cfe,hierarchical,combined,3,1,
c4317c54e3675826,hierarchical,combined,3,1,
6cd75929d0d2a3f0,hierarchical,combined,3,1,
47e3bd73efa382ae,hierarchical,combined,3,1,
ccaf59c0ceb35dab,hierarchical,combined,3,1,
e0d2e112cc0df560,hierarchical,combined,3,1,
5cea9f126476238d,hierarchical,combined,3,1,
714e0ea28c0b44d6,hierarchical,combined,3,1,
d2908bcd850fab66,hierarchical,combined,3,1,
946f5783ecc3c3d3,hierarchical,combined,3,1,
c3af4581e34e912a,hierarchical,combined,3,1,
8b56c33a174b9ce3,hierarchical,combined,3,1,
13c91a98bdfe97db,hierarchical,combined,3,1,
59f7cf4b24c41dc4,hierarchical,combined,3,1,
f81f3d24abe2590e,hierarchical,combined,3,1,
60fafea65eec88ff,hierarchical,combined,3,1,
8ccac8fbcc5ef442,hierarchical,combined,3,1,
520986b8f519cbf8,hierarchical,combined,3,1,
34ba5b6f56c34d2d,hierarchical,combined,3,1,
651ed6b48d4e4ce0,hierarchical,combined,3,1,
0a8d3ea6a14b7694,hierarchical,combined,3,1,
a6380f9f07fe0748,hierarchical,combined,3,1,
8419e26eaf8a2ed7,hierarchical,combined,3,1,
f1dbaaccf91a93c6,hierarchical,combined,3,1,
1bf6d6502e22fd36,hierarchical,combined,3,1,
7f0b8a0a616b25e4,hierarchical,combined,3,1,
067dab84101e4d40,hierarchical,combined,3,1,
9c32fad280ea8306,hierarchical,combined,3,1,
d688ea743859b0af,hierarchical,combined,3,1,
c7f27f7fd0d5d77b,hierarchical,combined,3,1,
e0bee5c0b0d5a7d6,hierarchical,combined,3,1,
f3ac148d14f99a51,hierarchical,combined,3,1,
9b513da0bbf6fec5,hierarchical,combined,3,1,
ab4c6a5c76f157ea,hierarchical,combined,3,1,
255623028b70fd39,hierarchical,combined,3,1,
a6de1dec67d7aed5,hierarchical,combined,3,1,
92617f40c2c43b99,hierarchical,combined,3,1,
8025a575373cd6a9,hierarchical,combined,3,1,
a51195a2d92d9ff2,hierarchical,combined,3,1,
97bbfcfc069b7629,hierarchical,combined,3,1,
52c97289f9c9f6dc,hierarchical,combined,3,1,
4ca95e3d476453ba,hierarchical,combined,3,1,
a8150b5836fa8340,hierarchical,combined,3,1,
6bfd058b52069703,hierarchical,combined,3,1,
cddd255cbebb9d8e,hierarchical,combined,3,1,
65ab556300024c0b,hierarchical,combined,3,1,
832f13e7c3d03100,hierarchical,combined,3,1,
e6a519ba8dd89268,hierarchical,combined,3,1,
77256bc1bfc6a972,hierarchical,combined,3,1,
9fc96269778b3b35,hierarchical,combined,3,1,
a2d4a495cac2adae,hierarchical,combined,3,1,
4de8ea4a98e350d2,hierarchical,combined,3,1,
6ff9dd295e18ba9b,hierarchical,combined,3,2,
bd7774dcad9acd79,hierarchical,combined,3,1,
66cc7c6ebe473f7b,hierarchical,combined,3,1,
39719b9e379a0e17,hierarchical,combined,3,2,
31f94ec85b9130e2,hierarchical,combined,3,1,
4e6eb33dee2b707c,hierarchical,combined,3,2,
ab45fc2620cc66ce,hierarchical,combined,3,1,
e0760c68f28e0892,hierarchical,combined,3,1,
c2a7cdc53f4dd23f,hierarchical,combined,3,1,
bcc9cc12c88e11a7,hierarchical,combined,3,1,
f0a0fb220faa1075,hierarchical,combined,3,1,
709929ff886fee1d,hierarchical,combined,3,1,
7e81760c1b53d064,hierarchical,combined,3,1,
f3b6090794574209,hierarchical,combined,3,1,
6d73856e7180fb8d,hierarchical,combined,3,1,
9099811c08fecfa1,hierarchical,combined,3,1,
960c8c87ff30f1bf,hierarchical,combined,3,1,
0b97f051d6187ce8,hierarchical,combined,3,1,
d35e50aec0a064c5,hierarchical,combined,3,1,
a1b878174fb512f0,hierarchical,combined,3,1,
017f18f80c2b6bb0,hierarchical,combined,3,1,
3ae85d1803f6fd0e,hierarchical,combined,3,1,
b8d532b96649ad9b,hierarchical,combined,3,1,
3fc360c5c4e56a82,hierarchical,combined,3,1,
672c5ac5c05045ac,hierarchical,combined,3,1,
969d2464f703154e,hierarchical,combined,3,1,
9198bbcd6bccdff0,hierarchical,combined,3,1,
8eb2ae5e436bf3d9,hierarchical,combined,3,1,
395681962a31584b,hierarchical,combined,3,1,
5d96dfc9b1190032,hierarchical,combined,3,1,
f1c82e0e3033e0f2,hierarchical,combined,3,1,
4ce46f5f8d9a06ef,hierarchical,combined,3,1,
0db27129c0b71a97,hierarchical,combined,3,1,
cad61736ae362480,hierarchical,combined,3,1,
e6e2d33ceb0e83af,hierarchical,combined,3,1,
0dbe74d0ea5067c3,hierarchical,combined,3,1,
397929e89a5a2bf0,hierarchical,combined,3,1,
9875309b29ecca62,hierarchical,combined,3,1,
b566cf363514b2ce,hierarchical,combined,3,1,
d176e3613fd2e8ca,hierarchical,combined,3,1,
09f287549c50a508,hierarchical,combined,3,1,
2b5b06037a00ac7f,hierarchical,combined,3,1,
35be32b4253e6b7e,hierarchical,combined,3,1,
4345ee093157bb2b,hierarchical,combined,3,1,
0f0ba10ef3a52533,hierarchical,combined,3,1,
67facd157d491218,hierarchical,combined,3,1,
e93973679234ed81,hierarchical,combined,3,1,
db7e3477d2e2096c,hierarchical,combined,3,1,
786becad40b24f1e,hierarchical,combined,3,1,
6a09c26401d7753b,hierarchical,combined,3,1,
38fcc454e8b76e8a,hierarchical,combined,5,0,
671222e19754e444,hierarchical,combined,5,1,
3167ff62be4a1ae7,hierarchical,combined,5,1,
7cb54d2ffd287b95,hierarchical,combined,5,2,
c0b01f650a9f3047,hierarchical,combined,5,1,
af8efb82a3eaf250,hierarchical,combined,5,1,
121de65a284465c5,hierarchical,combined,5,1,
276e0f48b2aecf30,hierarchical,combined,5,1,
b5c1200b37f8968d,hierarchical,combined,5,1,
2dfb8baa45944a16,hierarchical,combined,5,1,
80b2d92acb1f6d71,hierarchical,combined,5,3,
81cdfb4479630d2b,hierarchical,combined,5,3,
da1cc0b972f266c1,hierarchical,combined,5,3,
cfb5182dc1998eb7,hierarchical,combined,5,3,
453de2a0ac7e4646,hierarchical,combined,5,3,
22dd7014ca4e0926,hierarchical,combined,5,3,
7ab893955ce53d32,hierarchical,combined,5,3,
a775dde68401f18c,hierarchical,combined,5,3,
8d956b8fd66bfd40,hierarchical,combined,5,3,
951be4fa343dfcc3,hierarchical,combined,5,3,
26246a410ab5f5fc,hierarchical,combined,5,3,
633d125136da3e33,hierarchical,combined,5,3,
70c66f7df237db99,hierarchical,combined,5,3,
ca282d9b8d67354b,hierarchical,combined,5,3,
bbdb16044679062a,hierarchical,combined,5,3,
ce5351620f2eb860,hierarchical,combined,5,3,
ab05a4526c352168,hierarchical,combined,5,3,
b6aae574e74b8cfe,hierarchical,combined,5,3,
c4317c54e3675826,hierarchical,combined,5,3,
6cd75929d0d2a3f0,hierarchical,combined,5,3,
47e3bd73efa382ae,hierarchical,combined,5,3,
ccaf59c0ceb35dab,hierarchical,combined,5,3,
e0d2e112cc0df560,hierarchical,combined,5,3,
5cea9f126476238d,hierarchical,combined,5,3,
714e0ea28c0b44d6,hierarchical,combined,5,3,
d2908bcd850fab66,hierarchical,combined,5,3,
946f5783ecc3c3d3,hierarchical,combined,5,3,
c3af4581e34e912a,hierarchical,combined,5,3,
8b56c33a174b9ce3,hierarchical,combined,5,3,
13c91a98bdfe97db,hierarchical,combined,5,3,
59f7cf4b24c41dc4,hierarchical,combined,5,3,
f81f3d24abe2590e,hierarchical,combined,5,3,
60fafea65eec88ff,hierarchical,combined,5,3,
8ccac8fbcc5ef442,hierarchical,combined,5,3,
520986b8f519cbf8,hierarchical,combined,5,3,
34ba5b6f56c34d2d,hierarchical,combined,5,3,
651ed6b48d4e4ce0,hierarchical,combined,5,3,
0a8d3ea6a14b7694,hierarchical,combined,5,3,
a6380f9f07fe0748,hierarchical,combined,5,3,
8419e26eaf8a2ed7,hierarchical,combined,5,3,
f1dbaaccf91a93c6,hierarchical,combined,5,3,
1bf6d6502e22fd36,hierarchical,combined,5,3,
7f0b8a0a616b25e4,hierarchical,combined,5,3,
067dab84101e4d40,hierarchical,combined,5,3,
9c32fad280ea8306,hierarchical,combined,5,3,
d688ea743859b0af,hierarchical,combined,5,3,
c7f27f7fd0d5d77b,hierarchical,combined,5,3,
e0bee5c0b0d5a7d6,hierarchical,combined,5,3,
f3ac148d14f99a51,hierarchical,combined,5,3,
9b513da0bbf6fec5,hierarchical,combined,5,3,
ab4c6a5c76f157ea,hierarchical,combined,5,3,
255623028b70fd39,hierarchical,combined,5,3,
a6de1dec67d7aed5,hierarchical,combined,5,3,
92617f40c2c43b99,hierarchical,combined,5,3,
8025a575373cd6a9,hierarchical,combined,5,3,
a51195a2d92d9ff2,hierarchical,combined,5,3,
97bbfcfc069b7629,hierarchical,combined,5,3,
52c97289f9c9f6dc,hierarchical,combined,5,3,
4ca95e3d476453ba,hierarchical,combined,5,3,
a8150b5836fa8340,hierarchical,combined,5,3,
6bfd058b52069703,hierarchical,combined,5,3,
cddd255cbebb9d8e,hierarchical,combined,5,3,
65ab556300024c0b,hierarchical,combined,5,3,
832f13e7c3d03100,hierarchical,combined,5,3,
e6a519ba8dd89268,hierarchical,combined,5,3,
77256bc1bfc6a972,hierarchical,combined,5,3,
9fc96269778b3b35,hierarchical,combined,5,3,
a2d4a495cac2adae,hierarchical,combined,5,3,
4de8ea4a98e350d2,hierarchical,combined,5,3,
6ff9dd295e18ba9b,hierarchical,combined,5,4,
bd7774dcad9acd79,hierarchical,combined,5,3,
66cc7c6ebe473f7b,hierarchical,combined,5,3,
39719b9e379a0e17,hierarchical,combined,5,4,
31f94ec85b9130e2,hierarchical,combined,5,3,
4e6eb33dee2b707c,hierarchical,combined,5,4,
ab45fc2620cc66ce,hierarchical,combined,5,3,
e0760c68f28e0892,hierarchical,combined,5,3,
c2a7cdc53f4dd23f,hierarchical,combined,5,3,
bcc9cc12c88e11a7,hierarchical,combined,5,3,
f0a0fb220faa1075,hierarchical,combined,5,3,
709929ff886fee1d,hierarchical,combined,5,3,
7e81760c1b53d064,hierarchical,combined,5,3,
f3b6090794574209,hierarchical,combined,5,3,
6d73856e7180fb8d,hierarchical,combined,5,3,
9099811c08fecfa1,hierarchical,combined,5,3,
960c8c87ff30f1bf,hierarchical,combined,5,3,
0b97f051d6187ce8,hierarchical,combined,5,3,
d35e50aec0a064c5,hierarchical,combined,5,3,
a1b878174fb512f0,hierarchical,combined,5,3,
017f18f80c2b6bb0,hierarchical,combined,5,3,
3ae85d1803f6fd0e,hierarchical,combined,5,3,
b8d532b96649ad9b,hierarchical,combined,5,3,
3fc360c5c4e56a82,hierarchical,combined,5,3,
672c5ac5c05045ac,hierarchical,combined,5,3,
969d2464f703154e,hierarchical,combined,5,3,
9198bbcd6bccdff0,hierarchical,combined,5,3,
8eb2ae5e436bf3d9,hierarchical,combined,5,3,
395681962a31584b,hierarchical,combined,5,3,
5d96dfc9b1190032,hierarchical,combined,5,3,
f1c82e0e3033e0f2,hierarchical,combined,5,3,
4ce46f5f8d9a06ef,hierarchical,combined,5,3,
0db27129c0b71a97,hierarchical,combined,5,3,
cad61736ae362480,hierarchical,combined,5,3,
e6e2d33ceb0e83af,hierarchical,combined,5,3,
0dbe74d0ea5067c3,hierarchical,combined,5,3,
397929e89a5a2bf0,hierarchical,combined,5,3,
9875309b29ecca62,hierarchical,combined,5,3,
b566cf363514b2ce,hierarchical,combined,5,3,
d176e3613fd2e8ca,hierarchical,combined,5,3,
09f287549c50a508,hierarchical,combined,5,3,
2b5b06037a00ac7f,hierarchical,combined,5,3,
35be32b4253e6b7e,hierarchical,combined,5,3,
4345ee093157bb2b,hierarchical,combined,5,3,
0f0ba10ef3a52533,hierarchical,combined,5,3,
67facd157d491218,hierarchical,combined,5,3,
e93973679234ed81,hierarchical,combined,5,3,
db7e3477d2e2096c,hierarchical,combined,5,3,
786becad40b24f1e,hierarchical,combined,5,3,
6a09c26401d7753b,hierarchical,combined,5,3,
38fcc454e8b76e8a,hierarchical,combined,7,0,
671222e19754e444,hierarchical,combined,7,1,
3167ff62be4a1ae7,hierarchical,combined,7,1,
7cb54d2ffd287b95,hierarchical,combined,7,2,
c0b01f650a9f3047,hierarchical,combined,7,1,
af8efb82a3eaf250,hierarchical,combined,7,3,
121de65a284465c5,hierarchical,combined,7,1,
276e0f48b2aecf30,hierarchical,combined,7,1,
b5c1200b37f8968d,hierarchical,combined,7,4,
2dfb8baa45944a16,hierarchical,combined,7,3,
80b2d92acb1f6d71,hierarchical,combined,7,5,
81cdfb4479630d2b,hierarchical,combined,7,5,
da1cc0b972f266c1,hierarchical,combined,7,5,
cfb5182dc1998eb7,hierarchical,combined,7,5,
453de2a0ac7e4646,hierarchical,combined,7,5,
22dd7014ca4e0926,hierarchical,combined,7,5,
7ab893955ce53d32,hierarchical,combined,7,5,
a775dde68401f18c,hierarchical,combined,7,5,
8d956b8fd66bfd40,hierarchical,combined,7,5,
951be4fa343dfcc3,hierarchical,combined,7,5,
26246a410ab5f5fc,hierarchical,combined,7,5,
633d125136da3e33,hierarchical,combined,7,5,
70c66f7df237db99,hierarchical,combined,7,5,
ca282d9b8d67354b,hierarchical,combined,7,5,
bbdb16044679062a,hierarchical,combined,7,5,
ce5351620f2eb860,hierarchical,combined,7,5,
ab05a4526c352168,hierarchical,combined,7,5,
b6aae574e74b8cfe,hierarchical,combined,7,5,
c4317c54e3675826,hierarchical,combined,7,5,
6cd75929d0d2a3f0,hierarchical,combined,7,5,
47e3bd73efa382ae,hierarchical,combined,7,5,
ccaf59c0ceb35dab,hierarchical,combined,7,5,
e0d2e112cc0df560,hierarchical,combined,7,5,
5cea9f126476238d,hierarchical,combined,7,5,
714e0ea28c0b44d6,hierarchical,combined,7,5,
d2908bcd850fab66,hierarchical,combined,7,5,
946f5783ecc3c3d3,hierarchical,combined,7,5,
c3af4581e34e912a,hierarchical,combined,7,5,
8b56c33a174b9ce3,hierarchical,combined,7,5,
13c91a98bdfe97db,hierarchical,combined,7,5,
59f7cf4b24c41dc4,hierarchical,combined,7,5,
f81f3d24abe2590e,hierarchical,combined,7,5,
60fafea65eec88ff,hierarchical,combined,7,5,
8ccac8fbcc5ef442,hierarchical,combined,7,5,
520986b8f519cbf8,hierarchical,combined,7,5,
34ba5b6f56c34d2d,hierarchical,combined,7,5,
651ed6b48d4e4ce0,hierarchical,combined,7,5,
0a8d3ea6a14b7694,hierarchical,combined,7,5,
a6380f9f07fe0748,hierarchical,combined,7,5,
8419e26eaf8a2ed7,hierarchical,combined,7,5,
f1dbaaccf91a93c6,hierarchical,combined,7,5,
1bf6d6502e22fd36,hierarchical,combined,7,5,
7f0b8a0a616b25e4,hierarchical,combined,7,5,
067dab84101e4d40,hierarchical,combined,7,5,
9c32fad280ea8306,hierarchical,combined,7,5,
d688ea743859b0af,hierarchical,combined,7,5,
c7f27f7fd0d5d77b,hierarchical,combined,7,5,
e0bee5c0b0d5a7d6,hierarchical,combined,7,5,
f3ac148d14f99a51,hierarchical,combined,7,5,
9b513da0bbf6fec5,hierarchical,combined,7,5,
ab4c6a5c76f157ea,hierarchical,combined,7,5,
255623028b70fd39,hierarchical,combined,7,5,
a6de1dec67d7aed5,hierarchical,combined,7,5,
92617f40c2c43b99,hierarchical,combined,7,5,
8025a575373cd6a9,hierarchical,combined,7,5,
a51195a2d92d9ff2,hierarchical,combined,7,5,
97bbfcfc069b7629,hierarchical,combined,7,5,
52c97289f9c9f6dc,hierarchical,combined,7,5,
4ca95e3d476453ba,hierarchical,combined,7,5,
a8150b5836fa8340,hierarchical,combined,7,5,
6bfd058b52069703,hierarchical,combined,7,5,
cddd255cbebb9d8e,hierarchical,combined,7,5,
65ab556300024c0b,hierarchical,combined,7,5,
832f13e7c3d03100,hierarchical,combined,7,5,
e6a519ba8dd89268,hierarchical,combined,7,5,
77256bc1bfc6a972,hierarchical,combined,7,5,
9fc96269778b3b35,hierarchical,combined,7,5,
a2d4a495cac2adae,hierarchical,combined,7,5,
4de8ea4a98e350d2,hierarchical,combined,7,5,
6ff9dd295e18ba9b,hierarchical,combined,7,6,
bd7774dcad9acd79,hierarchical,combined,7,5,
66cc7c6ebe473f7b,hierarchical,combined,7,5,
39719b9e379a0e17,hierarchical,combined,7,6,
31f94ec85b9130e2,hierarchical,combined,7,5,
4e6eb33dee2b707c,hierarchical,combined,7,6,
ab45fc2620cc66ce,hierarchical,combined,7,5,
e0760c68f28e0892,hierarchical,combined,7,5,
c2a7cdc53f4dd23f,hierarchical,combined,7,5,
bcc9cc12c88e11a7,hierarchical,combined,7,5,
f0a0fb220faa1075,hierarchical,combined,7,5,
709929ff886fee1d,hierarchical,combined,7,5,
7e81760c1b53d064,hierarchical,combined,7,5,
f3b6090794574209,hierarchical,combined,7,5,
6d73856e7180fb8d,hierarchical,combined,7,5,
9099811c08fecfa1,hierarchical,combined,7,5,
960c8c87ff30f1bf,hierarchical,combined,7,5,
0b97f051d6187ce8,hierarchical,combined,7,5,
d35e50aec0a064c5,hierarchical,combined,7,5,
a1b878174fb512f0,hierarchical,combined,7,5,
017f18f80c2b6bb0,hierarchical,combined,7,5,
3ae85d1803f6fd0e,hierarchical,combined,7,5,
b8d532b96649ad9b,hierarchical,combined,7,5,
3fc360c5c4e56a82,hierarchical,combined,7,5,
672c5ac5c05045ac,hierarchical,combined,7,5,
969d2464f703154e,hierarchical,combined,7,5,
9198bbcd6bccdff0,hierarchical,combined,7,5,
8eb2ae5e436bf3d9,hierarchical,combined,7,5,
395681962a31584b,hierarchical,combined,7,5,
5d96dfc9b1190032,hierarchical,combined,7,5,
f1c82e0e3033e0f2,hierarchical,combined,7,5,
4ce46f5f8d9a06ef,hierarchical,combined,7,5,
0db27129c0b71a97,hierarchical,combined,7,5,
cad61736ae362480,hierarchical,combined,7,5,
e6e2d33ceb0e83af,hierarchical,combined,7,5,
0dbe74d0ea5067c3,hierarchical,combined,7,5,
397929e89a5a2bf0,hierarchical,combined,7,5,
9875309b29ecca62,hierarchical,combined,7,5,
b566cf363514b2ce,hierarchical,combined,7,5,
d176e3613fd2e8ca,hierarchical,combined,7,5,
09f287549c50a508,hierarchical,combined,7,5,
2b5b06037a00ac7f,hierarchical,combined,7,5,
35be32b4253e6b7e,hierarchical,combined,7,5,
4345ee093157bb2b,hierarchical,combined,7,5,
0f0ba10ef3a52533,hierarchical,combined,7,5,
67facd157d491218,hierarchical,combined,7,5,
e93973679234ed81,hierarchical,combined,7,5,
db7e3477d2e2096c,hierarchical,combined,7,5,
786becad40b24f1e,hierarchical,combined,7,5,
6a09c26401d7753b,hierarchical,combined,7,5,
38fcc454e8b76e8a,hierarchical,combined,10,0,
671222e19754e444,hierarchical,combined,10,1,
3167ff62be4a1ae7,hierarchical,combined,10,2,
7cb54d2ffd287b95,hierarchical,combined,10,3,
c0b01f650a9f3047,hierarchical,combined,10,1,
af8efb82a3eaf250,hierarchical,combined,10,4,
121de65a284465c5,hierarchical,combined,10,1,
276e0f48b2aecf30,hierarchical,combined,10,1,
b5c1200b37f8968d,hierarchical,combined,10,5,
2dfb8baa45944a16,hierarchical,combined,10,4,
80b2d92acb1f6d71,hierarchical,combined,10,6,
81cdfb4479630d2b,hierarchical,combined,10,6,
da1cc0b972f266c1,hierarchical,combined,10,6,
cfb5182dc1998eb7,hierarchical,combined,10,6,
453de2a0ac7e4646,hierarchical,combined,10,6,
22dd7014ca4e0926,hierarchical,combined,10,6,
7ab893955ce53d32,hierarchical,combined,10,6,
a775dde68401f18c,hierarchical,combined,10,6,
8d956b8fd66bfd40,hierarchical,combined,10,6,
951be4fa343dfcc3,hierarchical,combined,10,6,
26246a410ab5f5fc,hierarchical,combined,10,7,
633d125136da3e33,hierarchical,combined,10,7,
70c66f7df237db99,hierarchical,combined,10,7,
ca282d9b8d67354b,hierarchical,combined,10,7,
bbdb16044679062a,hierarchical,combined,10,7,
ce5351620f2eb860,hierarchical,combined,10,7,
ab05a4526c352168,hierarchical,combined,10,7,
b6aae574e74b8cfe,hierarchical,combined,10,7,
c4317c54e3675826,hierarchical,combined,10,7,
6cd75929d0d2a3f0,hierarchical,combined,10,7,
47e3bd73efa382ae,hierarchical,combined,10,6,
ccaf59c0ceb35dab,hierarchical,combined,10,6,
e0d2e112cc0df560,hierarchical,combined,10,6,
5cea9f126476238d,hierarchical,combined,10,6,
714e0ea28c0b44d6,hierarchical,combined,10,6,
d2908bcd850fab66,hierarchical,combined,10,6,
946f5783ecc3c3d3,hierarchical,combined,10,6,
c3af4581e34e912a,hierarchical,combined,10,6,
8b56c33a174b9ce3,hierarchical,combined,10,6,
13c91a98bdfe97db,hierarchical,combined,10,6,
59f7cf4b24c41dc4,hierarchical,combined,10,6,
f81f3d24abe2590e,hierarchical,combined,10,6,
60fafea65eec88ff,hierarchical,combined,10,6,
8ccac8fbcc5ef442,hierarchical,combined,10,6,
520986b8f519cbf8,hierarchical,combined,10,6,
34ba5b6f56c34d2d,hierarchical,combined,10,6,
651ed6b48d4e4ce0,hierarchical,combined,10,6,
0a8d3ea6a14b7694,hierarchical,combined,10,6,
a6380f9f07fe0748,hierarchical,combined,10,6,
8419e26eaf8a2ed7,hierarchical,combined,10,6,
f1dbaaccf91a93c6,hierarchical,combined,10,6,
1bf6d6502e22fd36,hierarchical,combined,10,6,
7f0b8a0a616b25e4,hierarchical,combined,10,6,
067dab84101e4d40,hierarchical,combined,10,6,
9c32fad280ea8306,hierarchical,combined,10,6,
d688ea743859b0af,hierarchical,combined,10,6,
c7f27f7fd0d5d77b,hierarchical,combined,10,6,
e0bee5c0b0d5a7d6,hierarchical,combined,10,6,
f3ac148d14f99a51,hierarchical,combined,10,6,
9b513da0bbf6fec5,hierarchical,combined,10,6,
ab4c6a5c76f157ea,hierarchical,combined,10,6,
255623028b70fd39,hierarchical,combined,10,6,
a6de1dec67d7aed5,hierarchical,combined,10,6,
92617f40c2c43b99,hierarchical,combined,10,6,
8025a575373cd6a9,hierarchical,combined,10,6,
a51195a2d92d9ff2,hierarchical,combined,10,6,
97bbfcfc069b7629,hierarchical,combined,10,6,
52c97289f9c9f6dc,hierarchical,combined,10,6,
4ca95e3d476453ba,hierarchical,combined,10,6,
a8150b5836fa8340,hierarchical,combined,10,6,
6bfd058b52069703,hierarchical,combined,10,6,
cddd255cbebb9d8e,hierarchical,combined,10,6,
65ab556300024c0b,hierarchical,combined,10,6,
832f13e7c3d03100,hierarchical,combined,10,8,
e6a519ba8dd89268,hierarchical,combined,10,6,
77256bc1bfc6a972,hierarchical,combined,10,6,
9fc96269778b3b35,hierarchical,combined,10,6,
a2d4a495cac2adae,hierarchical,combined,10,6,
4de8ea4a98e350d2,hierarchical,combined,10,6,
6ff9dd295e18ba9b,hierarchical,combined,10,9,
bd7774dcad9acd79,hierarchical,combined,10,6,
66cc7c6ebe473f7b,hierarchical,combined,10,6,
39719b9e379a0e17,hierarchical,combined,10,9,
31f94ec85b9130e2,hierarchical,combined,10,6,
4e6eb33dee2b707c,hierarchical,combined,10,9,
ab45fc2620cc66ce,hierarchical,combined,10,6,
e0760c68f28e0892,hierarchical,combined,10,6,
c2a7cdc53f4dd23f,hierarchical,combined,10,6,
bcc9cc12c88e11a7,hierarchical,combined,10,6,
f0a0fb220faa1075,hierarchical,combined,10,6,
709929ff886fee1d,hierarchical,combined,10,6,
7e81760c1b53d064,hierarchical,combined,10,6,
f3b6090794574209,hierarchical,combined,10,6,
6d73856e7180fb8d,hierarchical,combined,10,6,
9099811c08fecfa1,hierarchical,combined,10,6,
960c8c87ff30f1bf,hierarchical,combined,10,6,
0b97f051d6187ce8,hierarchical,combined,10,6,
d35e50aec0a064c5,hierarchical,combined,10,6,
a1b878174fb512f0,hierarchical,combined,10,6,
017f18f80c2b6bb0,hierarchical,combined,10,6,
3ae85d1803f6fd0e,hierarchical,combined,10,6,
b8d532b96649ad9b,hierarchical,combined,10,6,
3fc360c5c4e56a82,hierarchical,combined,10,6,
672c5ac5c05045ac,hierarchical,combined,10,6,
969d2464f703154e,hierarchical,combined,10,6,
9198bbcd6bccdff0,hierarchical,combined,10,6,
8eb2ae5e436bf3d9,hierarchical,combined,10,6,
395681962a31584b,hierarchical,combined,10,6,
5d96dfc9b1190032,hierarchical,combined,10,6,
f1c82e0e3033e0f2,hierarchical,combined,10,6,
4ce46f5f8d9a06ef,hierarchical,combined,10,6,
0db27129c0b71a97,hierarchical,combined,10,6,
cad61736ae362480,hierarchical,combined,10,6,
e6e2d33ceb0e83af,hierarchical,combined,10,6,
0dbe74d0ea5067c3,hierarchical,combined,10,6,
397929e89a5a2bf0,hierarchical,combined,10,6,
9875309b29ecca62,hierarchical,combined,10,6,
b566cf363514b2ce,hierarchical,combined,10,6,
d176e3613fd2e8ca,hierarchical,combined,10,6,
09f287549c50a508,hierarchical,combined,10,6,
2b5b06037a00ac7f,hierarchical,combined,10,6,
35be32b4253e6b7e,hierarchical,combined,10,6,
4345ee093157bb2b,hierarchical,combined,10,6,
0f0ba10ef3a52533,hierarchical,combined,10,6,
67facd157d491218,hierarchical,combined,10,6,
e93973679234ed81,hierarchical,combined,10,6,
db7e3477d2e2096c,hierarchical,combined,10,6,
786becad40b24f1e,hierarchical,combined,10,6,
6a09c26401d7753b,hierarchical,combined,10,6,
