method,variant,k,cluster,size,top_sets,top_categories,representative_icon_ids
kmeans,image,3,0,198,"[[""USP Pictograms"", 79], [""ISO 7010 Safety Signs"", 37], [""OCHA Humanitarian Icons"", 27], [""Universal Symbols Healthcare Webfont"", 25], [""ARASAAC Pictograms"", 11]]","[[""medication instruction"", 79], [""iconsets"", 74], [""healthcare wayfinding"", 25], [""sport modality"", 4], [""mcdougall normed icon / people/organization"", 1]]",0f0ba10ef3a52533 4587f38d8e8251b4 32707e6fcead9d96 df022be4182118d4 839310bd1c71030a 607b239ac1638ce4 3ef5ce501b972c96 a09e21ebdedab5a7
kmeans,image,3,1,306,"[[""Universal Symbols Healthcare Webfont"", 62], [""ARASAAC Pictograms"", 51], [""OpenMoji"", 44], [""OCHA Humanitarian Icons"", 38], [""AIGA/DOT Symbol Signs"", 35]]","[[""iconsets"", 69], [""healthcare wayfinding"", 62], [""flags / country-flag"", 23], [""medical device label"", 22], [""aiga wayfinding / public facility/service"", 13]]",e862c4c05430d6af ebf7d1acd0e0dea5 799c869131311255 18383e2129c8408b 3c1f73867593effd a3f9acad014dd8c6 cba3c54a651b13c2 923f97d8add3610f
kmeans,image,3,2,534,"[[""Blissymbolics"", 99], [""McDougall Symbol/Icon Set"", 93], [""Mapbox Maki"", 91], [""Mulberry Symbols"", 59], [""OpenMoji"", 54]]","[[""Blissymbolics char"", 99], [""iconsets"", 94], [""cartography / point of interest"", 91], [""mcdougall normed icon / uncategorized"", 55], [""flags / country-flag"", 36]]",40e393bed618cc42 837ca3a8f8bfb1a9 816b86edbeb4132c dff96e8252b00b04 306ad85560fbabc4 a56e7bfc7d2c1661 96955357c8bb7589 90294276054ef248
kmeans,image,5,0,151,"[[""Universal Symbols Healthcare Webfont"", 31], [""ARASAAC Pictograms"", 23], [""AIGA/DOT Symbol Signs"", 21], [""ISO 15223 Medical Device Symbols"", 20], [""OCHA Humanitarian Icons"", 19]]","[[""healthcare wayfinding"", 31], [""iconsets"", 30], [""medical device label"", 20], [""aiga wayfinding / public facility/service"", 10], [""chemical hazard"", 8]]",24b92c23fcf47907 15eae1fecd0afd94 10150c64373696d7 bce8a1363361a0e1 0125e5eaa978b2be 9250d8fed60644ba 275db32f170789b5 f83c74d4dd3de121
kmeans,image,5,1,313,"[[""OpenMoji"", 60], [""Mapbox Maki"", 46], [""ARASAAC Pictograms"", 44], [""Mulberry Symbols"", 43], [""Universal Symbols Healthcare Webfont"", 40]]","[[""iconsets"", 73], [""cartography / point of interest"", 46], [""flags / country-flag"", 46], [""healthcare wayfinding"", 40], [""symbols / alphanum"", 14]]",463861ba40ca24a5 3a3e24c8091282b0 ba68f5f842f11e61 4a1b6ca0afb93272 4efa44c18d385e76 f3865a56dcf2e368 7f7d3fe4980b22ef 79ff0fd7d91ebf5f
kmeans,image,5,2,25,"[[""Universal Symbols Healthcare Webfont"", 21], [""McDougall Symbol/Icon Set"", 2], [""OpenMoji"", 1], [""USP Pictograms"", 1]]","[[""healthcare wayfinding"", 21], [""mcdougall normed icon / people/organization"", 1], [""mcdougall normed icon / uncategorized"", 1], [""extras-unicode / symbol-other"", 1], [""medication instruction"", 1]]",551bcd5a9f4fef12 f49ec6679d749177 3bd607803334ae70 11ea7bbb3c0148a7 4e6eb33dee2b707c 39719b9e379a0e17 62986812086b095e ae70c04ba85e2901
kmeans,image,5,3,371,"[[""Blissymbolics"", 99], [""McDougall Symbol/Icon Set"", 86], [""Mapbox Maki"", 54], [""Mulberry Symbols"", 38], [""OCHA Humanitarian Icons"", 23]]","[[""Blissymbolics char"", 99], [""iconsets"", 61], [""cartography / point of interest"", 54], [""mcdougall normed icon / uncategorized"", 53], [""mcdougall normed icon / industrial/technical equipment"", 13]]",1fbf9d60526c0768 837ca3a8f8bfb1a9 32e2a077d1fc979a 059bf0b262c52022 ce7c0d5d2acaf790 6289a8b47ad61490 3ce595da6f513899 306ad85560fbabc4
kmeans,image,5,4,178,"[[""USP Pictograms"", 81], [""ISO 7010 Safety Signs"", 37], [""OCHA Humanitarian Icons"", 28], [""ARASAAC Pictograms"", 13], [""Mulberry Symbols"", 8]]","[[""medication instruction"", 81], [""iconsets"", 73], [""sport modality"", 5], [""healthcare wayfinding"", 4], [""processed food"", 2]]",0f0ba10ef3a52533 32707e6fcead9d96 607b239ac1638ce4 839310bd1c71030a df022be4182118d4 4587f38d8e8251b4 3ef5ce501b972c96 ce262294a18e33a8
kmeans,image,7,0,88,"[[""OCHA Humanitarian Icons"", 41], [""ISO 7010 Safety Signs"", 36], [""Blissymbolics"", 4], [""USP Pictograms"", 4], [""Universal Symbols Healthcare Webfont"", 2]]","[[""iconsets"", 77], [""Blissymbolics char"", 4], [""medication instruction"", 4], [""healthcare wayfinding"", 2], [""aiga wayfinding / restroom/accessibility"", 1]]",daf8ff6405884069 bd0846cac643fbd3 71bd84f092815ba6 9b8db9ceca7b745d dbacbbee1b8418a3 7077cdcc94cf4878 3b5dfa86d4d488d4 5942b680f6726c6b
kmeans,image,7,1,330,"[[""Mapbox Maki"", 92], [""Blissymbolics"", 62], [""OpenMoji"", 58], [""AIGA/DOT Symbol Signs"", 33], [""Mulberry Symbols"", 23]]","[[""cartography / point of interest"", 92], [""Blissymbolics char"", 62], [""iconsets"", 45], [""flags / country-flag"", 40], [""healthcare wayfinding"", 21]]",1b15aa32b97e99c0 cfe619b95fb327f9 5d86a6cf79186361 12e2f10d59d0772a f8666ea50de7110e 9f3a9f680953b7bc 633d125136da3e33 709c56f034c6cb05
kmeans,image,7,2,25,"[[""Universal Symbols Healthcare Webfont"", 21], [""McDougall Symbol/Icon Set"", 2], [""OpenMoji"", 1], [""USP Pictograms"", 1]]","[[""healthcare wayfinding"", 21], [""mcdougall normed icon / people/organization"", 1], [""mcdougall normed icon / uncategorized"", 1], [""extras-unicode / symbol-other"", 1], [""medication instruction"", 1]]",551bcd5a9f4fef12 f49ec6679d749177 3bd607803334ae70 11ea7bbb3c0148a7 4e6eb33dee2b707c 39719b9e379a0e17 62986812086b095e ae70c04ba85e2901
kmeans,image,7,3,261,"[[""Universal Symbols Healthcare Webfont"", 52], [""OpenMoji"", 38], [""ARASAAC Pictograms"", 37], [""OCHA Humanitarian Icons"", 36], [""AIGA/DOT Symbol Signs"", 34]]","[[""iconsets"", 61], [""healthcare wayfinding"", 52], [""medical device label"", 22], [""flags / country-flag"", 17], [""aiga wayfinding / public facility/service"", 13]]",3c1f73867593effd ebf7d1acd0e0dea5 18383e2129c8408b 799c869131311255 827a06d7d1a63dd1 cba3c54a651b13c2 6f8e8d450334b31b 9faabe8d9b6c0113
kmeans,image,7,4,125,"[[""USP Pictograms"", 75], [""ARASAAC Pictograms"", 26], [""Mulberry Symbols"", 15], [""AIGA/DOT Symbol Signs"", 3], [""Universal Symbols Healthcare Webfont"", 3]]","[[""medication instruction"", 75], [""iconsets"", 16], [""sport modality"", 5], [""healthcare wayfinding"", 3], [""verb; corporal hygiene; hygiene product"", 2]]",46e00ead3ee19291 e0d5dd73749c15ef 66badb45ac2abaa2 d7c72455059bc182 8208dbb30fd0d234 577301da38913710 09f287549c50a508 b405731928c019b6
kmeans,image,7,5,207,"[[""McDougall Symbol/Icon Set"", 92], [""Mulberry Symbols"", 37], [""Blissymbolics"", 34], [""ARASAAC Pictograms"", 20], [""AIGA/DOT Symbol Signs"", 9]]","[[""mcdougall normed icon / uncategorized"", 55], [""iconsets"", 38], [""Blissymbolics char"", 34], [""mcdougall normed icon / industrial/technical equipment"", 15], [""mcdougall normed icon / computer/interface command"", 12]]",bda5f7eeaa6728f8 3f6ea388c0d2f0f4 6aa7719d116ca7e3 bc92b50db823c79f b601cb290be4376e e10d9991ba50e65b 03a2b61645ccb834 64f9b5239f33fa5c
kmeans,image,7,6,2,"[[""ARASAAC Pictograms"", 2]]","[[""ordinal adjective"", 2]]",af6856d538759389 b91cc17cc5f27dee
kmeans,image,10,0,108,"[[""Universal Symbols Healthcare Webfont"", 27], [""AIGA/DOT Symbol Signs"", 17], [""ARASAAC Pictograms"", 15], [""ISO 15223 Medical Device Symbols"", 15], [""OpenMoji"", 11]]","[[""healthcare wayfinding"", 27], [""iconsets"", 16], [""medical device label"", 15], [""aiga wayfinding / public facility/service"", 7], [""chemical hazard"", 6]]",f83c74d4dd3de121 4b6dc51334050530 10150c64373696d7 9250d8fed60644ba 275db32f170789b5 a078da5a3e833fdc 0125e5eaa978b2be dc00f37fcd3db2aa
kmeans,image,10,1,90,"[[""ARASAAC Pictograms"", 44], [""Mulberry Symbols"", 19], [""Universal Symbols Healthcare Webfont"", 10], [""OpenMoji"", 10], [""AIGA/DOT Symbol Signs"", 4]]","[[""iconsets"", 19], [""healthcare wayfinding"", 10], [""flags / country-flag"", 9], [""verb; corporal hygiene; hygiene product"", 4], [""qualifying adjective"", 4]]",0d5b194d097b730a 43b6dba70187f179 cdfb5a95be06b4cf c27fd1be1f63bdd2 9a05e7b439a7ed4c 9833acd035e16ac0 c2ffefeef2a9694f f8a7e3c344824fca
kmeans,image,10,2,103,"[[""McDougall Symbol/Icon Set"", 50], [""Blissymbolics"", 29], [""Mulberry Symbols"", 12], [""Mapbox Maki"", 4], [""AIGA/DOT Symbol Signs"", 3]]","[[""mcdougall normed icon / uncategorized"", 38], [""Blissymbolics char"", 29], [""iconsets"", 13], [""cartography / point of interest"", 4], [""mcdougall normed icon / computer/interface command"", 3]]",214287892e6f3e79 6013957616ced5dd 4fd048c30fe0b090 bf862718e3a648de bc50c2ede9c1d905 b2c52892d94d612b 00bb34df75e5a3c5 7ef9d1f095f4e482
kmeans,image,10,3,2,"[[""ARASAAC Pictograms"", 2]]","[[""ordinal adjective"", 2]]",af6856d538759389 b91cc17cc5f27dee
kmeans,image,10,4,25,"[[""Universal Symbols Healthcare Webfont"", 21], [""McDougall Symbol/Icon Set"", 2], [""OpenMoji"", 1], [""USP Pictograms"", 1]]","[[""healthcare wayfinding"", 21], [""mcdougall normed icon / people/organization"", 1], [""mcdougall normed icon / uncategorized"", 1], [""extras-unicode / symbol-other"", 1], [""medication instruction"", 1]]",551bcd5a9f4fef12 f49ec6679d749177 3bd607803334ae70 11ea7bbb3c0148a7 4e6eb33dee2b707c 39719b9e379a0e17 62986812086b095e ae70c04ba85e2901
kmeans,image,10,5,116,"[[""USP Pictograms"", 75], [""ISO 7010 Safety Signs"", 30], [""OCHA Humanitarian Icons"", 5], [""ARASAAC Pictograms"", 4], [""AIGA/DOT Symbol Signs"", 1]]","[[""medication instruction"", 75], [""iconsets"", 35], [""sport modality"", 4], [""aiga wayfinding / food/retail/service"", 1], [""healthcare wayfinding"", 1]]",f4e0f087b7f3ce12 5f8948f5de00a1db b6eb67f6fd0bd88d 1caac03bbcbccf1d 584132414ab15e30 35be32b4253e6b7e 45e272021b297749 3b0c4a3a7df8a0f8
kmeans,image,10,6,142,"[[""Blissymbolics"", 71], [""OCHA Humanitarian Icons"", 39], [""Mapbox Maki"", 16], [""ISO 7010 Safety Signs"", 7], [""AIGA/DOT Symbol Signs"", 4]]","[[""Blissymbolics char"", 71], [""iconsets"", 47], [""cartography / point of interest"", 16], [""medication instruction"", 3], [""aiga wayfinding / safety/emergency"", 1]]",65016477e61d0d23 14161e989581c493 ce7058592b078331 c44fc9812fde67c2 97f820055d758ca4 18c043a553751a71 590c689e34dd9a79 f827e42afce0851c
kmeans,image,10,7,122,"[[""McDougall Symbol/Icon Set"", 43], [""Mulberry Symbols"", 34], [""ARASAAC Pictograms"", 22], [""AIGA/DOT Symbol Signs"", 14], [""ISO 15223 Medical Device Symbols"", 7]]","[[""iconsets"", 34], [""mcdougall normed icon / uncategorized"", 18], [""mcdougall normed icon / industrial/technical equipment"", 12], [""mcdougall normed icon / computer/interface command"", 9], [""medical device label"", 7]]",54b2ff95d94940c2 a775dde68401f18c 1e9d0ae2bdf1af2e 264c451bfa22cd45 eb80d959661c129a 7adb195617e7d807 f6aa07dce193fa26 f63ece07c6bc36b8
kmeans,image,10,8,163,"[[""OpenMoji"", 37], [""OCHA Humanitarian Icons"", 29], [""Universal Symbols Healthcare Webfont"", 26], [""Mulberry Symbols"", 23], [""AIGA/DOT Symbol Signs"", 21]]","[[""iconsets"", 52], [""healthcare wayfinding"", 26], [""flags / country-flag"", 24], [""symbols / alphanum"", 10], [""medical device label"", 7]]",ca23afbda277bc1a e0760c68f28e0892 780501241887ce4e 47e3bd73efa382ae dced7e945687618c 8897191fe44bb684 d879928d5d662c7b 94c57da7bd24dacc
kmeans,image,10,9,167,"[[""Mapbox Maki"", 74], [""OpenMoji"", 40], [""AIGA/DOT Symbol Signs"", 16], [""OCHA Humanitarian Icons"", 16], [""Universal Symbols Healthcare Webfont"", 13]]","[[""cartography / point of interest"", 74], [""flags / country-flag"", 23], [""iconsets"", 21], [""healthcare wayfinding"", 13], [""symbols / keycap"", 12]]",856aa2ce232f9bc0 cfe619b95fb327f9 12e2f10d59d0772a 7f8bb04a51977a29 5d86a6cf79186361 bf3dc9f7d43e8167 2faf915cd946a094 7e5d94ac4461f5ab
hierarchical,image,3,0,1011,"[[""Mapbox Maki"", 100], [""OCHA Humanitarian Icons"", 100], [""Mulberry Symbols"", 100], [""Blissymbolics"", 100], [""OpenMoji"", 99]]","[[""iconsets"", 237], [""cartography / point of interest"", 100], [""Blissymbolics char"", 100], [""medication instruction"", 82], [""healthcare wayfinding"", 79]]",c62734ba3861f412 e06f2924b7be0828 dd259e27900bf9f3 eeb6b3cdd0343f66 56fca77111ffbd13 a92f8680959133bd a8caa064219d1a01 ff32132cafa1f19e
hierarchical,image,3,1,25,"[[""Universal Symbols Healthcare Webfont"", 21], [""McDougall Symbol/Icon Set"", 2], [""OpenMoji"", 1], [""USP Pictograms"", 1]]","[[""healthcare wayfinding"", 21], [""mcdougall normed icon / people/organization"", 1], [""mcdougall normed icon / uncategorized"", 1], [""extras-unicode / symbol-other"", 1], [""medication instruction"", 1]]",551bcd5a9f4fef12 f49ec6679d749177 3bd607803334ae70 11ea7bbb3c0148a7 4e6eb33dee2b707c 39719b9e379a0e17 62986812086b095e ae70c04ba85e2901
hierarchical,image,3,2,2,"[[""ARASAAC Pictograms"", 2]]","[[""ordinal adjective"", 2]]",af6856d538759389 b91cc17cc5f27dee
hierarchical,image,5,0,1010,"[[""Mapbox Maki"", 100], [""OCHA Humanitarian Icons"", 100], [""Mulberry Symbols"", 100], [""Blissymbolics"", 100], [""OpenMoji"", 99]]","[[""iconsets"", 237], [""cartography / point of interest"", 100], [""Blissymbolics char"", 100], [""medication instruction"", 82], [""healthcare wayfinding"", 79]]",c62734ba3861f412 e06f2924b7be0828 dd259e27900bf9f3 56fca77111ffbd13 a8caa064219d1a01 a92f8680959133bd eeb6b3cdd0343f66 ff32132cafa1f19e
hierarchical,image,5,1,3,"[[""McDougall Symbol/Icon Set"", 2], [""OpenMoji"", 1]]","[[""mcdougall normed icon / people/organization"", 1], [""mcdougall normed icon / uncategorized"", 1], [""extras-unicode / symbol-other"", 1]]",d49b650b98139110 bc979143c09e5b46 3a2cb4f434a8a064
hierarchical,image,5,2,2,"[[""ARASAAC Pictograms"", 2]]","[[""ordinal adjective"", 2]]",af6856d538759389 b91cc17cc5f27dee
hierarchical,image,5,3,1,"[[""ARASAAC Pictograms"", 1]]","[[""qualifying adjective"", 1]]",22c02c27ac84e5ef
hierarchical,image,5,4,22,"[[""Universal Symbols Healthcare Webfont"", 21], [""USP Pictograms"", 1]]","[[""healthcare wayfinding"", 21], [""medication instruction"", 1]]",11ea7bbb3c0148a7 551bcd5a9f4fef12 4e6eb33dee2b707c f49ec6679d749177 3bd607803334ae70 ae70c04ba85e2901 e8f0a1cc1666633d dec92ad3c878eaad
hierarchical,image,7,0,1008,"[[""Mapbox Maki"", 100], [""OCHA Humanitarian Icons"", 100], [""Mulberry Symbols"", 100], [""Blissymbolics"", 100], [""OpenMoji"", 99]]","[[""iconsets"", 237], [""cartography / point of interest"", 100], [""Blissymbolics char"", 100], [""medication instruction"", 82], [""healthcare wayfinding"", 79]]",c62734ba3861f412 e06f2924b7be0828 dd259e27900bf9f3 56fca77111ffbd13 a92f8680959133bd eeb6b3cdd0343f66 a8caa064219d1a01 ff32132cafa1f19e
hierarchical,image,7,1,3,"[[""McDougall Symbol/Icon Set"", 2], [""OpenMoji"", 1]]","[[""mcdougall normed icon / people/organization"", 1], [""mcdougall normed icon / uncategorized"", 1], [""extras-unicode / symbol-other"", 1]]",d49b650b98139110 bc979143c09e5b46 3a2cb4f434a8a064
hierarchical,image,7,2,1,"[[""ARASAAC Pictograms"", 1]]","[[""qualifying adjective"", 1]]",9ef3bfdd434636a2
hierarchical,image,7,3,2,"[[""ARASAAC Pictograms"", 2]]","[[""ordinal adjective"", 2]]",af6856d538759389 b91cc17cc5f27dee
hierarchical,image,7,4,1,"[[""ARASAAC Pictograms"", 1]]","[[""qualifying adjective"", 1]]",22c02c27ac84e5ef
hierarchical,image,7,5,1,"[[""GHS Hazard Pictograms"", 1]]","[[""chemical hazard"", 1]]",832f13e7c3d03100
hierarchical,image,7,6,22,"[[""Universal Symbols Healthcare Webfont"", 21], [""USP Pictograms"", 1]]","[[""healthcare wayfinding"", 21], [""medication instruction"", 1]]",11ea7bbb3c0148a7 551bcd5a9f4fef12 4e6eb33dee2b707c f49ec6679d749177 3bd607803334ae70 ae70c04ba85e2901 e8f0a1cc1666633d dec92ad3c878eaad
hierarchical,image,10,0,996,"[[""Mapbox Maki"", 100], [""OCHA Humanitarian Icons"", 100], [""Mulberry Symbols"", 100], [""Blissymbolics"", 100], [""OpenMoji"", 99]]","[[""iconsets"", 237], [""cartography / point of interest"", 100], [""Blissymbolics char"", 100], [""medication instruction"", 82], [""healthcare wayfinding"", 79]]",c62734ba3861f412 e06f2924b7be0828 dd259e27900bf9f3 56fca77111ffbd13 a92f8680959133bd eeb6b3cdd0343f66 a8caa064219d1a01 ff32132cafa1f19e
hierarchical,image,10,1,8,"[[""ARASAAC Pictograms"", 6], [""McDougall Symbol/Icon Set"", 2]]","[[""verb; movement; land transport"", 2], [""mcdougall normed icon / computer/interface command"", 1], [""mcdougall normed icon / hazard/science"", 1], [""verb; movement; aerial transport"", 1], [""verb; movement; water transport"", 1]]",4725eca2750be791 8a54b342dd614c9c 337933b4466cd827 7939fc56f5e8943d 3a57208da0815acd 39642e8fbf718da8 38fcc454e8b76e8a cae05cc3965c36ba
hierarchical,image,10,2,3,"[[""McDougall Symbol/Icon Set"", 2], [""OpenMoji"", 1]]","[[""mcdougall normed icon / people/organization"", 1], [""mcdougall normed icon / uncategorized"", 1], [""extras-unicode / symbol-other"", 1]]",d49b650b98139110 bc979143c09e5b46 3a2cb4f434a8a064
hierarchical,image,10,3,3,"[[""ARASAAC Pictograms"", 3]]","[[""sport modality"", 3]]",cd021108f39584de ee16114a8ffa2410 0224db970f4a8709
hierarchical,image,10,4,1,"[[""ARASAAC Pictograms"", 1]]","[[""qualifying adjective"", 1]]",9ef3bfdd434636a2
hierarchical,image,10,5,2,"[[""ARASAAC Pictograms"", 2]]","[[""ordinal adjective"", 2]]",af6856d538759389 b91cc17cc5f27dee
hierarchical,image,10,6,1,"[[""ARASAAC Pictograms"", 1]]","[[""qualifying adjective"", 1]]",22c02c27ac84e5ef
hierarchical,image,10,7,1,"[[""ARASAAC Pictograms"", 1]]","[[""qualifying adjective; disruptive behavior"", 1]]",2cb9e412526a4f85
hierarchical,image,10,8,1,"[[""GHS Hazard Pictograms"", 1]]","[[""chemical hazard"", 1]]",832f13e7c3d03100
hierarchical,image,10,9,22,"[[""Universal Symbols Healthcare Webfont"", 21], [""USP Pictograms"", 1]]","[[""healthcare wayfinding"", 21], [""medication instruction"", 1]]",11ea7bbb3c0148a7 551bcd5a9f4fef12 4e6eb33dee2b707c f49ec6679d749177 3bd607803334ae70 ae70c04ba85e2901 e8f0a1cc1666633d dec92ad3c878eaad
kmeans,metadata,3,0,809,"[[""McDougall Symbol/Icon Set"", 100], [""Mapbox Maki"", 100], [""OCHA Humanitarian Icons"", 100], [""Mulberry Symbols"", 100], [""Blissymbolics"", 100]]","[[""iconsets"", 237], [""cartography / point of interest"", 100], [""Blissymbolics char"", 100], [""medication instruction"", 83], [""mcdougall normed icon / uncategorized"", 60]]",65ab556300024c0b 4de8ea4a98e350d2 a2d4a495cac2adae 9fc96269778b3b35 77256bc1bfc6a972 e6a519ba8dd89268 6bfd058b52069703 cddd255cbebb9d8e
kmeans,metadata,3,1,129,"[[""Universal Symbols Healthcare Webfont"", 100], [""ISO 15223 Medical Device Symbols"", 29]]","[[""healthcare wayfinding"", 100], [""medical device label"", 29]]",c8e1fa46f71f5718 dc2cc73accbc7db7 5d17adf5ceb135d5 d5402667624ce8d1 8420379b66bcec98 0255276c95128bcd b00273ddec49089e f48e7f2e93921b95
kmeans,metadata,3,2,100,"[[""ARASAAC Pictograms"", 100]]","[[""sport modality"", 8], [""qualifying adjective"", 6], [""verb; corporal hygiene; hygiene product"", 4], [""qualifying adjective; physical features"", 4], [""verb; clothes; routine"", 3]]",cdfb5a95be06b4cf 061b8ab92d29d52e 7b57bdc41e0a6ece 0d5b194d097b730a e10d9991ba50e65b d3f467915ab405c8 9731d9c4d90e12ac 3b95b831ead4127c
kmeans,metadata,5,0,675,"[[""Mapbox Maki"", 100], [""OCHA Humanitarian Icons"", 100], [""Mulberry Symbols"", 100], [""ARASAAC Pictograms"", 100], [""Universal Symbols Healthcare Webfont"", 100]]","[[""iconsets"", 237], [""cartography / point of interest"", 100], [""healthcare wayfinding"", 100], [""flags / country-flag"", 59], [""medical device label"", 29]]",4de8ea4a98e350d2 6bfd058b52069703 cddd255cbebb9d8e 65ab556300024c0b 832f13e7c3d03100 e6a519ba8dd89268 77256bc1bfc6a972 9fc96269778b3b35
kmeans,metadata,5,1,100,"[[""McDougall Symbol/Icon Set"", 100]]","[[""mcdougall normed icon / uncategorized"", 60], [""mcdougall normed icon / industrial/technical equipment"", 16], [""mcdougall normed icon / computer/interface command"", 12], [""mcdougall normed icon / transportation/travel"", 4], [""mcdougall normed icon / tools/objects"", 3]]",8e1af50a575d337e 280c01ef84d29c92 f88452b9ec9d4596 28c35379d03db47f 264c451bfa22cd45 f1c37bc051fbda70 f48e58bdca318ff2 70765ec728503af7
kmeans,metadata,5,2,83,"[[""USP Pictograms"", 83]]","[[""medication instruction"", 83]]",3ef5ce501b972c96 786becad40b24f1e db7e3477d2e2096c d7c72455059bc182 e93973679234ed81 42750824c98917e6 1c3c72d3643e9d6e d18991de5335188d
kmeans,metadata,5,3,80,"[[""AIGA/DOT Symbol Signs"", 80]]","[[""aiga wayfinding / transportation"", 17], [""aiga wayfinding / public facility/service"", 16], [""aiga wayfinding / directional/navigation"", 12], [""aiga wayfinding / food/retail/service"", 10], [""aiga wayfinding / prohibition/regulatory"", 9]]",eeb6b3cdd0343f66 8d956b8fd66bfd40 d8304814c8c214ff 56fca77111ffbd13 28786d99b5925991 a92f8680959133bd 7a833deb4dabbc17 71d9b56ddfc7f71c
kmeans,metadata,5,4,100,"[[""Blissymbolics"", 100]]","[[""Blissymbolics char"", 100]]",bbf1fa74378d7d5e f4d5b6559851a6d7 d09cc374bed0bf4a b5662f5d710c14e0 d48fc2007a551e37 e4a6d918dc5a6f28 fd9a9375c4f9860a 8f9ace328a5b5e05
kmeans,metadata,7,0,409,"[[""Mapbox Maki"", 100], [""OCHA Humanitarian Icons"", 100], [""USP Pictograms"", 83], [""AIGA/DOT Symbol Signs"", 80], [""ISO 7010 Safety Signs"", 37]]","[[""iconsets"", 137], [""cartography / point of interest"", 100], [""medication instruction"", 83], [""aiga wayfinding / transportation"", 17], [""aiga wayfinding / public facility/service"", 16]]",832f13e7c3d03100 4de8ea4a98e350d2 a2d4a495cac2adae 6bfd058b52069703 cddd255cbebb9d8e 65ab556300024c0b 9fc96269778b3b35 e6a519ba8dd89268
kmeans,metadata,7,1,100,"[[""Blissymbolics"", 100]]","[[""Blissymbolics char"", 100]]",bbf1fa74378d7d5e f4d5b6559851a6d7 d09cc374bed0bf4a b5662f5d710c14e0 d48fc2007a551e37 e4a6d918dc5a6f28 fd9a9375c4f9860a 8f9ace328a5b5e05
kmeans,metadata,7,2,82,"[[""McDougall Symbol/Icon Set"", 82]]","[[""mcdougall normed icon / uncategorized"", 46], [""mcdougall normed icon / industrial/technical equipment"", 15], [""mcdougall normed icon / computer/interface command"", 12], [""mcdougall normed icon / transportation/travel"", 3], [""mcdougall normed icon / hazard/science"", 3]]",671222e19754e444 70765ec728503af7 7adb195617e7d807 f88452b9ec9d4596 f1c37bc051fbda70 d6c71997ec76816f 28c35379d03db47f 9b74d2600f4109ef
kmeans,metadata,7,3,100,"[[""OpenMoji"", 100]]","[[""flags / country-flag"", 59], [""symbols / alphanum"", 15], [""symbols / keycap"", 12], [""extras-unicode / symbol-other"", 8], [""symbols / other-symbol"", 2]]",54c514030b66fffb 29bd4bbefb2d1e17 4fcf8b7da52c0823 a68760e66b530a61 08364fed95eafaf1 2c0191d7a8d48a45 6a1bd5966418c9b4 9c1380a06fa4eb2a
kmeans,metadata,7,4,100,"[[""ARASAAC Pictograms"", 100]]","[[""sport modality"", 8], [""qualifying adjective"", 6], [""verb; corporal hygiene; hygiene product"", 4], [""qualifying adjective; physical features"", 4], [""verb; clothes; routine"", 3]]",cdfb5a95be06b4cf 061b8ab92d29d52e 7b57bdc41e0a6ece 0d5b194d097b730a e10d9991ba50e65b d3f467915ab405c8 9731d9c4d90e12ac 3b95b831ead4127c
kmeans,metadata,7,5,229,"[[""Mulberry Symbols"", 100], [""Universal Symbols Healthcare Webfont"", 100], [""ISO 15223 Medical Device Symbols"", 29]]","[[""iconsets"", 100], [""healthcare wayfinding"", 100], [""medical device label"", 29]]",0b536ae36e8ac25f 5d2acea1fe822de3 7658aacd4ef3a3d6 3ed5a9cb77d0cad6 bd7774dcad9acd79 3bd607803334ae70 ee8ac0ecc490b24b dbaf6973f9c41be0
kmeans,metadata,7,6,18,"[[""McDougall Symbol/Icon Set"", 18]]","[[""mcdougall normed icon / uncategorized"", 14], [""mcdougall normed icon / tools/objects"", 2], [""mcdougall normed icon / transportation/travel"", 1], [""mcdougall normed icon / industrial/technical equipment"", 1]]",88b4cd063a20684d f1cd0e53f62b488c 4f0994ab12ac7442 9515275c5d1db56d d2f44ce71a53d90a 6aa7719d116ca7e3 7ed69810d119ef69 c6d431f31b6ec59b
kmeans,metadata,10,0,238,"[[""Universal Symbols Healthcare Webfont"", 100], [""OpenMoji"", 100], [""ISO 15223 Medical Device Symbols"", 29], [""GHS Hazard Pictograms"", 9]]","[[""healthcare wayfinding"", 100], [""flags / country-flag"", 59], [""medical device label"", 29], [""symbols / alphanum"", 15], [""symbols / keycap"", 12]]",7e60c57b015c1146 f48e7f2e93921b95 bce8a1363361a0e1 cd8791b9983f4f14 d4240d07a1e75756 22a4e71cf924b7dd 4e6eb33dee2b707c abd343275cedee23
kmeans,metadata,10,1,100,"[[""ARASAAC Pictograms"", 100]]","[[""sport modality"", 8], [""qualifying adjective"", 6], [""verb; corporal hygiene; hygiene product"", 4], [""qualifying adjective; physical features"", 4], [""verb; clothes; routine"", 3]]",cdfb5a95be06b4cf 061b8ab92d29d52e 7b57bdc41e0a6ece 0d5b194d097b730a e10d9991ba50e65b d3f467915ab405c8 9731d9c4d90e12ac 3b95b831ead4127c
kmeans,metadata,10,2,2,"[[""Blissymbolics"", 2]]","[[""Blissymbolics char"", 2]]",51728b83850bdd59 062a59bf2ff18bf1
kmeans,metadata,10,3,83,"[[""USP Pictograms"", 83]]","[[""medication instruction"", 83]]",3ef5ce501b972c96 786becad40b24f1e db7e3477d2e2096c d7c72455059bc182 e93973679234ed81 42750824c98917e6 1c3c72d3643e9d6e d18991de5335188d
kmeans,metadata,10,4,97,"[[""Blissymbolics"", 97]]","[[""Blissymbolics char"", 97]]",bbf1fa74378d7d5e f4d5b6559851a6d7 d09cc374bed0bf4a b5662f5d710c14e0 d48fc2007a551e37 e4a6d918dc5a6f28 fd9a9375c4f9860a 8f9ace328a5b5e05
kmeans,metadata,10,5,80,"[[""AIGA/DOT Symbol Signs"", 80]]","[[""aiga wayfinding / transportation"", 17], [""aiga wayfinding / public facility/service"", 16], [""aiga wayfinding / directional/navigation"", 12], [""aiga wayfinding / food/retail/service"", 10], [""aiga wayfinding / prohibition/regulatory"", 9]]",eeb6b3cdd0343f66 8d956b8fd66bfd40 d8304814c8c214ff 56fca77111ffbd13 28786d99b5925991 a92f8680959133bd 7a833deb4dabbc17 71d9b56ddfc7f71c
kmeans,metadata,10,6,1,"[[""Blissymbolics"", 1]]","[[""Blissymbolics char"", 1]]",48be7c1656dcea7e
kmeans,metadata,10,7,100,"[[""McDougall Symbol/Icon Set"", 100]]","[[""mcdougall normed icon / uncategorized"", 60], [""mcdougall normed icon / industrial/technical equipment"", 16], [""mcdougall normed icon / computer/interface command"", 12], [""mcdougall normed icon / transportation/travel"", 4], [""mcdougall normed icon / tools/objects"", 3]]",8e1af50a575d337e 280c01ef84d29c92 f88452b9ec9d4596 28c35379d03db47f 264c451bfa22cd45 f1c37bc051fbda70 f48e58bdca318ff2 70765ec728503af7
kmeans,metadata,10,8,237,"[[""OCHA Humanitarian Icons"", 100], [""Mulberry Symbols"", 100], [""ISO 7010 Safety Signs"", 37]]","[[""iconsets"", 237]]",1dbfa7824219b1be fd46387c8add6704 5fb96a680c16e296 46f16d10f5e6d6d5 827a06d7d1a63dd1 8a0d055967c1fa67 15eae1fecd0afd94 3f7239a92c820040
kmeans,metadata,10,9,100,"[[""Mapbox Maki"", 100]]","[[""cartography / point of interest"", 100]]",7a39adc327fef601 9cb9072e481b2627 27a827006c95046c c083fe1a331cc852 ad91312ce6c8ca6c 7086ab62c00bb137 99a91cd1040d7fb9 a1475db449de22a6
hierarchical,metadata,3,0,96,"[[""McDougall Symbol/Icon Set"", 96]]","[[""mcdougall normed icon / uncategorized"", 57], [""mcdougall normed icon / industrial/technical equipment"", 15], [""mcdougall normed icon / computer/interface command"", 12], [""mcdougall normed icon / transportation/travel"", 4], [""mcdougall normed icon / tools/objects"", 3]]",8e1af50a575d337e 280c01ef84d29c92 f88452b9ec9d4596 28c35379d03db47f 70765ec728503af7 f1c37bc051fbda70 f48e58bdca318ff2 671222e19754e444
hierarchical,metadata,3,1,4,"[[""McDougall Symbol/Icon Set"", 4]]","[[""mcdougall normed icon / uncategorized"", 3], [""mcdougall normed icon / industrial/technical equipment"", 1]]",ed13f562f8b87324 1364c5b7cd9ecbbf de019c7277f5b437 14706a707d383b80
hierarchical,metadata,3,2,938,"[[""Mapbox Maki"", 100], [""OCHA Humanitarian Icons"", 100], [""Mulberry Symbols"", 100], [""Blissymbolics"", 100], [""ARASAAC Pictograms"", 100]]","[[""iconsets"", 237], [""cartography / point of interest"", 100], [""Blissymbolics char"", 100], [""healthcare wayfinding"", 100], [""medication instruction"", 83]]",e6a519ba8dd89268 4de8ea4a98e350d2 a2d4a495cac2adae 9fc96269778b3b35 77256bc1bfc6a972 832f13e7c3d03100 65ab556300024c0b cddd255cbebb9d8e
hierarchical,metadata,5,0,95,"[[""McDougall Symbol/Icon Set"", 95]]","[[""mcdougall normed icon / uncategorized"", 56], [""mcdougall normed icon / industrial/technical equipment"", 15], [""mcdougall normed icon / computer/interface command"", 12], [""mcdougall normed icon / transportation/travel"", 4], [""mcdougall normed icon / tools/objects"", 3]]",8e1af50a575d337e 280c01ef84d29c92 f88452b9ec9d4596 28c35379d03db47f 70765ec728503af7 f1c37bc051fbda70 f48e58bdca318ff2 671222e19754e444
hierarchical,metadata,5,1,3,"[[""McDougall Symbol/Icon Set"", 3]]","[[""mcdougall normed icon / uncategorized"", 3]]",de019c7277f5b437 ed13f562f8b87324 1364c5b7cd9ecbbf
hierarchical,metadata,5,2,1,"[[""McDougall Symbol/Icon Set"", 1]]","[[""mcdougall normed icon / industrial/technical equipment"", 1]]",14706a707d383b80
hierarchical,metadata,5,3,1,"[[""McDougall Symbol/Icon Set"", 1]]","[[""mcdougall normed icon / uncategorized"", 1]]",6013957616ced5dd
hierarchical,metadata,5,4,938,"[[""Mapbox Maki"", 100], [""OCHA Humanitarian Icons"", 100], [""Mulberry Symbols"", 100], [""Blissymbolics"", 100], [""ARASAAC Pictograms"", 100]]","[[""iconsets"", 237], [""cartography / point of interest"", 100], [""Blissymbolics char"", 100], [""healthcare wayfinding"", 100], [""medication instruction"", 83]]",e6a519ba8dd89268 4de8ea4a98e350d2 a2d4a495cac2adae 9fc96269778b3b35 77256bc1bfc6a972 832f13e7c3d03100 65ab556300024c0b cddd255cbebb9d8e
hierarchical,metadata,7,0,93,"[[""McDougall Symbol/Icon Set"", 93]]","[[""mcdougall normed icon / uncategorized"", 56], [""mcdougall normed icon / industrial/technical equipment"", 15], [""mcdougall normed icon / computer/interface command"", 11], [""mcdougall normed icon / transportation/travel"", 4], [""mcdougall normed icon / tools/objects"", 3]]",8e1af50a575d337e 280c01ef84d29c92 f88452b9ec9d4596 28c35379d03db47f 70765ec728503af7 f1c37bc051fbda70 f48e58bdca318ff2 671222e19754e444
hierarchical,metadata,7,1,1,"[[""McDougall Symbol/Icon Set"", 1]]","[[""mcdougall normed icon / health/medical"", 1]]",f8666ea50de7110e
hierarchical,metadata,7,2,3,"[[""McDougall Symbol/Icon Set"", 3]]","[[""mcdougall normed icon / uncategorized"", 3]]",de019c7277f5b437 ed13f562f8b87324 1364c5b7cd9ecbbf
hierarchical,metadata,7,3,1,"[[""McDougall Symbol/Icon Set"", 1]]","[[""mcdougall normed icon / computer/interface command"", 1]]",67ff38d23b5e30a8
hierarchical,metadata,7,4,1,"[[""McDougall Symbol/Icon Set"", 1]]","[[""mcdougall normed icon / industrial/technical equipment"", 1]]",14706a707d383b80
hierarchical,metadata,7,5,1,"[[""McDougall Symbol/Icon Set"", 1]]","[[""mcdougall normed icon / uncategorized"", 1]]",6013957616ced5dd
hierarchical,metadata,7,6,938,"[[""Mapbox Maki"", 100], [""OCHA Humanitarian Icons"", 100], [""Mulberry Symbols"", 100], [""Blissymbolics"", 100], [""ARASAAC Pictograms"", 100]]","[[""iconsets"", 237], [""cartography / point of interest"", 100], [""Blissymbolics char"", 100], [""healthcare wayfinding"", 100], [""medication instruction"", 83]]",e6a519ba8dd89268 4de8ea4a98e350d2 a2d4a495cac2adae 9fc96269778b3b35 77256bc1bfc6a972 832f13e7c3d03100 65ab556300024c0b cddd255cbebb9d8e
hierarchical,metadata,10,0,90,"[[""McDougall Symbol/Icon Set"", 90]]","[[""mcdougall normed icon / uncategorized"", 54], [""mcdougall normed icon / industrial/technical equipment"", 14], [""mcdougall normed icon / computer/interface command"", 11], [""mcdougall normed icon / transportation/travel"", 4], [""mcdougall normed icon / tools/objects"", 3]]",8e1af50a575d337e 280c01ef84d29c92 f88452b9ec9d4596 28c35379d03db47f 70765ec728503af7 f1c37bc051fbda70 f48e58bdca318ff2 671222e19754e444
hierarchical,metadata,10,1,1,"[[""McDougall Symbol/Icon Set"", 1]]","[[""mcdougall normed icon / health/medical"", 1]]",f8666ea50de7110e
hierarchical,metadata,10,2,3,"[[""McDougall Symbol/Icon Set"", 3]]","[[""mcdougall normed icon / uncategorized"", 3]]",de019c7277f5b437 ed13f562f8b87324 1364c5b7cd9ecbbf
hierarchical,metadata,10,3,1,"[[""McDougall Symbol/Icon Set"", 1]]","[[""mcdougall normed icon / uncategorized"", 1]]",6aa7719d116ca7e3
hierarchical,metadata,10,4,1,"[[""McDougall Symbol/Icon Set"", 1]]","[[""mcdougall normed icon / computer/interface command"", 1]]",67ff38d23b5e30a8
hierarchical,metadata,10,5,1,"[[""McDougall Symbol/Icon Set"", 1]]","[[""mcdougall normed icon / industrial/technical equipment"", 1]]",f28e9602df36d1ae
hierarchical,metadata,10,6,1,"[[""McDougall Symbol/Icon Set"", 1]]","[[""mcdougall normed icon / uncategorized"", 1]]",95ff6a8e83fd0fdb
hierarchical,metadata,10,7,1,"[[""McDougall Symbol/Icon Set"", 1]]","[[""mcdougall normed icon / industrial/technical equipment"", 1]]",14706a707d383b80
hierarchical,metadata,10,8,1,"[[""McDougall Symbol/Icon Set"", 1]]","[[""mcdougall normed icon / uncategorized"", 1]]",6013957616ced5dd
hierarchical,metadata,10,9,938,"[[""Mapbox Maki"", 100], [""OCHA Humanitarian Icons"", 100], [""Mulberry Symbols"", 100], [""Blissymbolics"", 100], [""ARASAAC Pictograms"", 100]]","[[""iconsets"", 237], [""cartography / point of interest"", 100], [""Blissymbolics char"", 100], [""healthcare wayfinding"", 100], [""medication instruction"", 83]]",e6a519ba8dd89268 4de8ea4a98e350d2 a2d4a495cac2adae 9fc96269778b3b35 77256bc1bfc6a972 832f13e7c3d03100 65ab556300024c0b cddd255cbebb9d8e
kmeans,combined,3,0,194,"[[""USP Pictograms"", 82], [""OCHA Humanitarian Icons"", 43], [""ISO 7010 Safety Signs"", 37], [""Universal Symbols Healthcare Webfont"", 22], [""ARASAAC Pictograms"", 4]]","[[""medication instruction"", 82], [""iconsets"", 80], [""healthcare wayfinding"", 22], [""sport modality"", 4], [""Blissymbolics char"", 2]]",4587f38d8e8251b4 32707e6fcead9d96 839310bd1c71030a 607b239ac1638ce4 3ef5ce501b972c96 f7d223c9caad6d0c f4e0f087b7f3ce12 2ff47159a678fa96
kmeans,combined,3,1,744,"[[""Mapbox Maki"", 100], [""Mulberry Symbols"", 100], [""OpenMoji"", 99], [""Blissymbolics"", 98], [""ARASAAC Pictograms"", 96]]","[[""iconsets"", 157], [""cartography / point of interest"", 100], [""Blissymbolics char"", 98], [""healthcare wayfinding"", 78], [""flags / country-flag"", 59]]",f3865a56dcf2e368 805e7bde4faca681 7259932e97995938 e06f2924b7be0828 7fb0123a1d2708e6 0058ac437a9db12b ca4e085ad90126ca b3d2d456f5c5e85f
kmeans,combined,3,2,100,"[[""McDougall Symbol/Icon Set"", 100]]","[[""mcdougall normed icon / uncategorized"", 60], [""mcdougall normed icon / industrial/technical equipment"", 16], [""mcdougall normed icon / computer/interface command"", 12], [""mcdougall normed icon / transportation/travel"", 4], [""mcdougall normed icon / tools/objects"", 3]]",280c01ef84d29c92 8e1af50a575d337e 264c451bfa22cd45 28c35379d03db47f f1c37bc051fbda70 70765ec728503af7 f88452b9ec9d4596 eb80d959661c129a
kmeans,combined,5,0,255,"[[""Universal Symbols Healthcare Webfont"", 75], [""AIGA/DOT Symbol Signs"", 42], [""OCHA Humanitarian Icons"", 39], [""OpenMoji"", 30], [""ISO 15223 Medical Device Symbols"", 23]]","[[""healthcare wayfinding"", 75], [""iconsets"", 56], [""medical device label"", 23], [""aiga wayfinding / public facility/service"", 13], [""flags / country-flag"", 10]]",7f001a99a73e35ed b9967918912be1e2 a08d214801605fdc a36e415697221bd7 b00273ddec49089e 5ce4313da8bc182f f8978aed3acb07b0 be7f46d86371c27f
kmeans,combined,5,1,351,"[[""Mulberry Symbols"", 83], [""ARASAAC Pictograms"", 81], [""USP Pictograms"", 81], [""OpenMoji"", 69], [""AIGA/DOT Symbol Signs"", 28]]","[[""iconsets"", 84], [""medication instruction"", 81], [""flags / country-flag"", 49], [""symbols / keycap"", 12], [""aiga wayfinding / transportation"", 8]]",cdfb5a95be06b4cf 7b57bdc41e0a6ece 0d5b194d097b730a 9731d9c4d90e12ac fa2d441300cc16e4 782dc4fa727babcf a04d06b79ec25611 3e3f6aec88b8f4da
kmeans,combined,5,2,23,"[[""Universal Symbols Healthcare Webfont"", 21], [""OpenMoji"", 1], [""USP Pictograms"", 1]]","[[""healthcare wayfinding"", 21], [""extras-unicode / symbol-other"", 1], [""medication instruction"", 1]]",551bcd5a9f4fef12 11ea7bbb3c0148a7 f49ec6679d749177 4e6eb33dee2b707c 3bd607803334ae70 ae70c04ba85e2901 e8f0a1cc1666633d dec92ad3c878eaad
kmeans,combined,5,3,100,"[[""McDougall Symbol/Icon Set"", 100]]","[[""mcdougall normed icon / uncategorized"", 60], [""mcdougall normed icon / industrial/technical equipment"", 16], [""mcdougall normed icon / computer/interface command"", 12], [""mcdougall normed icon / transportation/travel"", 4], [""mcdougall normed icon / tools/objects"", 3]]",280c01ef84d29c92 8e1af50a575d337e 264c451bfa22cd45 28c35379d03db47f f1c37bc051fbda70 70765ec728503af7 f88452b9ec9d4596 eb80d959661c129a
kmeans,combined,5,4,309,"[[""Blissymbolics"", 100], [""Mapbox Maki"", 99], [""OCHA Humanitarian Icons"", 61], [""ISO 7010 Safety Signs"", 36], [""AIGA/DOT Symbol Signs"", 10]]","[[""Blissymbolics char"", 100], [""cartography / point of interest"", 99], [""iconsets"", 97], [""aiga wayfinding / prohibition/regulatory"", 3], [""aiga wayfinding / public facility/service"", 2]]",65016477e61d0d23 97f820055d758ca4 14161e989581c493 18c043a553751a71 c44fc9812fde67c2 f827e42afce0851c 87b2a06ff0274e2d ea948ff387b812ea
kmeans,combined,7,0,304,"[[""Mapbox Maki"", 94], [""USP Pictograms"", 82], [""OCHA Humanitarian Icons"", 51], [""ISO 7010 Safety Signs"", 37], [""Universal Symbols Healthcare Webfont"", 25]]","[[""cartography / point of interest"", 94], [""iconsets"", 88], [""medication instruction"", 82], [""healthcare wayfinding"", 25], [""aiga wayfinding / prohibition/regulatory"", 4]]",45259ed2dab5f658 2ff47159a678fa96 f7d223c9caad6d0c 4587f38d8e8251b4 b6db2aae4cc76b84 0a90870efcfe6b1c 6e0d4fcc0f2a575e 7ac2ba0da1448168
kmeans,combined,7,1,100,"[[""Blissymbolics"", 100]]","[[""Blissymbolics char"", 100]]",488f787d0f8ad115 b2e9c5ef50501f82 d09cc374bed0bf4a e3d4981d527441fd 80fccec5adba6c87 0124a331b801ac98 153313f14c78c2d4 9b43091dda8ba6a2
kmeans,combined,7,2,82,"[[""McDougall Symbol/Icon Set"", 82]]","[[""mcdougall normed icon / uncategorized"", 46], [""mcdougall normed icon / industrial/technical equipment"", 15], [""mcdougall normed icon / computer/interface command"", 12], [""mcdougall normed icon / transportation/travel"", 3], [""mcdougall normed icon / hazard/science"", 3]]",70765ec728503af7 671222e19754e444 f1c37bc051fbda70 7adb195617e7d807 d6c71997ec76816f c133c064a2ef2993 b7382424c18c5978 9b74d2600f4109ef
kmeans,combined,7,3,335,"[[""OpenMoji"", 99], [""Universal Symbols Healthcare Webfont"", 75], [""AIGA/DOT Symbol Signs"", 67], [""OCHA Humanitarian Icons"", 49], [""ISO 15223 Medical Device Symbols"", 29]]","[[""healthcare wayfinding"", 75], [""flags / country-flag"", 59], [""iconsets"", 50], [""medical device label"", 29], [""aiga wayfinding / transportation"", 15]]",8897191fe44bb684 e0760c68f28e0892 780501241887ce4e b00273ddec49089e 5ce4313da8bc182f bd7774dcad9acd79 f8978aed3acb07b0 f48e7f2e93921b95
kmeans,combined,7,4,100,"[[""ARASAAC Pictograms"", 100]]","[[""sport modality"", 8], [""qualifying adjective"", 6], [""verb; corporal hygiene; hygiene product"", 4], [""qualifying adjective; physical features"", 4], [""verb; clothes; routine"", 3]]",0d5b194d097b730a cdfb5a95be06b4cf be90217f11758a14 2df5a12a23782101 fb590ef016ff3f20 3eabac93a39659c9 c10e5b19a56b94e6 ecc6078949d79002
kmeans,combined,7,5,99,"[[""Mulberry Symbols"", 99]]","[[""iconsets"", 99]]",f3865a56dcf2e368 805e7bde4faca681 780b88d5896419b9 7259932e97995938 2f13bf9462163807 b3d2d456f5c5e85f 0058ac437a9db12b 2d4516e619b9bab9
kmeans,combined,7,6,18,"[[""McDougall Symbol/Icon Set"", 18]]","[[""mcdougall normed icon / uncategorized"", 14], [""mcdougall normed icon / tools/objects"", 2], [""mcdougall normed icon / transportation/travel"", 1], [""mcdougall normed icon / industrial/technical equipment"", 1]]",88b4cd063a20684d 4f0994ab12ac7442 f1cd0e53f62b488c 9515275c5d1db56d d2f44ce71a53d90a 6aa7719d116ca7e3 7ed69810d119ef69 c6d431f31b6ec59b
kmeans,combined,10,0,205,"[[""Universal Symbols Healthcare Webfont"", 71], [""AIGA/DOT Symbol Signs"", 37], [""OpenMoji"", 29], [""OCHA Humanitarian Icons"", 25], [""ISO 15223 Medical Device Symbols"", 23]]","[[""healthcare wayfinding"", 71], [""iconsets"", 36], [""medical device label"", 23], [""aiga wayfinding / public facility/service"", 13], [""flags / country-flag"", 10]]",a08d214801605fdc b9967918912be1e2 7f001a99a73e35ed a36e415697221bd7 b00273ddec49089e 5ce4313da8bc182f cd8791b9983f4f14 f8978aed3acb07b0
kmeans,combined,10,1,98,"[[""ARASAAC Pictograms"", 98]]","[[""sport modality"", 8], [""qualifying adjective"", 6], [""verb; corporal hygiene; hygiene product"", 4], [""qualifying adjective; physical features"", 4], [""verb; clothes; routine"", 3]]",be90217f11758a14 0d5b194d097b730a cdfb5a95be06b4cf 2df5a12a23782101 fb590ef016ff3f20 3eabac93a39659c9 c10e5b19a56b94e6 223fd13814f116ee
kmeans,combined,10,2,27,"[[""Blissymbolics"", 26], [""OpenMoji"", 1]]","[[""Blissymbolics char"", 26], [""extras-unicode / symbol-other"", 1]]",b823cc6a338f273d 45d1aab7129da22b 35b7c94c85c55f45 bdaff5e5e0944ee9 ddc9b81cca44b9dc 51106bd6138d8891 b190ae5652b5fec4 1b869985a92d9c4e
kmeans,combined,10,3,2,"[[""ARASAAC Pictograms"", 2]]","[[""ordinal adjective"", 2]]",af6856d538759389 b91cc17cc5f27dee
kmeans,combined,10,4,73,"[[""Blissymbolics"", 73]]","[[""Blissymbolics char"", 73]]",556801e1e9fe6f11 b7f80ec6bca0f581 a1b84eeae2fa0bd3 6bb9ddde18b3991c bc4bfd84d1524c17 02ef8502ede43852 5f97b07f3f68b1e8 58943740dde89fdc
kmeans,combined,10,5,137,"[[""USP Pictograms"", 82], [""ISO 7010 Safety Signs"", 31], [""Universal Symbols Healthcare Webfont"", 22], [""AIGA/DOT Symbol Signs"", 1], [""OCHA Humanitarian Icons"", 1]]","[[""medication instruction"", 82], [""iconsets"", 32], [""healthcare wayfinding"", 22], [""aiga wayfinding / food/retail/service"", 1]]",f4e0f087b7f3ce12 839310bd1c71030a 3ef5ce501b972c96 607b239ac1638ce4 32707e6fcead9d96 45e272021b297749 584132414ab15e30 b6eb67f6fd0bd88d
kmeans,combined,10,6,1,"[[""Blissymbolics"", 1]]","[[""Blissymbolics char"", 1]]",48be7c1656dcea7e
kmeans,combined,10,7,100,"[[""McDougall Symbol/Icon Set"", 100]]","[[""mcdougall normed icon / uncategorized"", 60], [""mcdougall normed icon / industrial/technical equipment"", 16], [""mcdougall normed icon / computer/interface command"", 12], [""mcdougall normed icon / transportation/travel"", 4], [""mcdougall normed icon / tools/objects"", 3]]",280c01ef84d29c92 8e1af50a575d337e 264c451bfa22cd45 28c35379d03db47f f1c37bc051fbda70 70765ec728503af7 f88452b9ec9d4596 eb80d959661c129a
kmeans,combined,10,8,295,"[[""Mulberry Symbols"", 89], [""OCHA Humanitarian Icons"", 74], [""OpenMoji"", 70], [""AIGA/DOT Symbol Signs"", 42], [""Universal Symbols Healthcare Webfont"", 7]]","[[""iconsets"", 169], [""flags / country-flag"", 49], [""symbols / keycap"", 12], [""aiga wayfinding / transportation"", 11], [""aiga wayfinding / directional/navigation"", 10]]",e06f2924b7be0828 5c0453002753f864 805e7bde4faca681 782dc4fa727babcf ec6eb5391460a566 62a3a75b2a7b3ac7 49ca9fbeb665b154 f3865a56dcf2e368
kmeans,combined,10,9,100,"[[""Mapbox Maki"", 100]]","[[""cartography / point of interest"", 100]]",7f8bb04a51977a29 863377ed74499267 5d86a6cf79186361 1407da7245b3d6fa 7e5d94ac4461f5ab 0de655bf41d15d27 856aa2ce232f9bc0 6ed6ebc936f61661
hierarchical,combined,3,0,100,"[[""McDougall Symbol/Icon Set"", 100]]","[[""mcdougall normed icon / uncategorized"", 60], [""mcdougall normed icon / industrial/technical equipment"", 16], [""mcdougall normed icon / computer/interface command"", 12], [""mcdougall normed icon / transportation/travel"", 4], [""mcdougall normed icon / tools/objects"", 3]]",280c01ef84d29c92 8e1af50a575d337e 264c451bfa22cd45 28c35379d03db47f f1c37bc051fbda70 70765ec728503af7 f88452b9ec9d4596 eb80d959661c129a
hierarchical,combined,3,1,936,"[[""Mapbox Maki"", 100], [""OCHA Humanitarian Icons"", 100], [""Mulberry Symbols"", 100], [""Blissymbolics"", 100], [""Universal Symbols Healthcare Webfont"", 100]]","[[""iconsets"", 237], [""cartography / point of interest"", 100], [""Blissymbolics char"", 100], [""healthcare wayfinding"", 100], [""medication instruction"", 83]]",e06f2924b7be0828 5c0453002753f864 f3865a56dcf2e368 463861ba40ca24a5 cddd255cbebb9d8e f29e44fba07b073d 782dc4fa727babcf fa2d441300cc16e4
hierarchical,combined,3,2,2,"[[""ARASAAC Pictograms"", 2]]","[[""ordinal adjective"", 2]]",af6856d538759389 b91cc17cc5f27dee
hierarchical,combined,5,0,98,"[[""McDougall Symbol/Icon Set"", 98]]","[[""mcdougall normed icon / uncategorized"", 59], [""mcdougall normed icon / industrial/technical equipment"", 16], [""mcdougall normed icon / computer/interface command"", 12], [""mcdougall normed icon / transportation/travel"", 4], [""mcdougall normed icon / tools/objects"", 3]]",280c01ef84d29c92 8e1af50a575d337e 264c451bfa22cd45 f1c37bc051fbda70 28c35379d03db47f f88452b9ec9d4596 70765ec728503af7 eb80d959661c129a
hierarchical,combined,5,1,2,"[[""McDougall Symbol/Icon Set"", 2]]","[[""mcdougall normed icon / people/organization"", 1], [""mcdougall normed icon / uncategorized"", 1]]",d49b650b98139110 3a2cb4f434a8a064
hierarchical,combined,5,2,913,"[[""Mapbox Maki"", 100], [""OCHA Humanitarian Icons"", 100], [""Mulberry Symbols"", 100], [""Blissymbolics"", 100], [""OpenMoji"", 99]]","[[""iconsets"", 237], [""cartography / point of interest"", 100], [""Blissymbolics char"", 100], [""medication instruction"", 82], [""healthcare wayfinding"", 79]]",e06f2924b7be0828 5c0453002753f864 f3865a56dcf2e368 463861ba40ca24a5 f29e44fba07b073d 805e7bde4faca681 1dbfa7824219b1be fa2d441300cc16e4
hierarchical,combined,5,3,2,"[[""ARASAAC Pictograms"", 2]]","[[""ordinal adjective"", 2]]",af6856d538759389 b91cc17cc5f27dee
hierarchical,combined,5,4,23,"[[""Universal Symbols Healthcare Webfont"", 21], [""OpenMoji"", 1], [""USP Pictograms"", 1]]","[[""healthcare wayfinding"", 21], [""extras-unicode / symbol-other"", 1], [""medication instruction"", 1]]",551bcd5a9f4fef12 11ea7bbb3c0148a7 f49ec6679d749177 4e6eb33dee2b707c 3bd607803334ae70 ae70c04ba85e2901 e8f0a1cc1666633d dec92ad3c878eaad
hierarchical,combined,7,0,98,"[[""McDougall Symbol/Icon Set"", 98]]","[[""mcdougall normed icon / uncategorized"", 59], [""mcdougall normed icon / industrial/technical equipment"", 16], [""mcdougall normed icon / computer/interface command"", 12], [""mcdougall normed icon / transportation/travel"", 4], [""mcdougall normed icon / tools/objects"", 3]]",280c01ef84d29c92 8e1af50a575d337e 264c451bfa22cd45 f1c37bc051fbda70 28c35379d03db47f f88452b9ec9d4596 70765ec728503af7 eb80d959661c129a
hierarchical,combined,7,1,1,"[[""McDougall Symbol/Icon Set"", 1]]","[[""mcdougall normed icon / people/organization"", 1]]",d49b650b98139110
hierarchical,combined,7,2,1,"[[""McDougall Symbol/Icon Set"", 1]]","[[""mcdougall normed icon / uncategorized"", 1]]",3a2cb4f434a8a064
hierarchical,combined,7,3,912,"[[""Mapbox Maki"", 100], [""OCHA Humanitarian Icons"", 100], [""Mulberry Symbols"", 100], [""Blissymbolics"", 100], [""OpenMoji"", 99]]","[[""iconsets"", 237], [""cartography / point of interest"", 100], [""Blissymbolics char"", 100], [""medication instruction"", 82], [""healthcare wayfinding"", 79]]",e06f2924b7be0828 5c0453002753f864 f3865a56dcf2e368 463861ba40ca24a5 f29e44fba07b073d 805e7bde4faca681 1dbfa7824219b1be fa2d441300cc16e4
hierarchical,combined,7,4,2,"[[""ARASAAC Pictograms"", 2]]","[[""ordinal adjective"", 2]]",af6856d538759389 b91cc17cc5f27dee
hierarchical,combined,7,5,1,"[[""ARASAAC Pictograms"", 1]]","[[""qualifying adjective"", 1]]",22c02c27ac84e5ef
hierarchical,combined,7,6,23,"[[""Universal Symbols Healthcare Webfont"", 21], [""OpenMoji"", 1], [""USP Pictograms"", 1]]","[[""healthcare wayfinding"", 21], [""extras-unicode / symbol-other"", 1], [""medication instruction"", 1]]",551bcd5a9f4fef12 11ea7bbb3c0148a7 f49ec6679d749177 4e6eb33dee2b707c 3bd607803334ae70 ae70c04ba85e2901 e8f0a1cc1666633d dec92ad3c878eaad
hierarchical,combined,10,0,93,"[[""McDougall Symbol/Icon Set"", 93]]","[[""mcdougall normed icon / uncategorized"", 56], [""mcdougall normed icon / industrial/technical equipment"", 15], [""mcdougall normed icon / computer/interface command"", 11], [""mcdougall normed icon / transportation/travel"", 4], [""mcdougall normed icon / tools/objects"", 3]]",280c01ef84d29c92 8e1af50a575d337e f1c37bc051fbda70 70765ec728503af7 28c35379d03db47f f88452b9ec9d4596 264c451bfa22cd45 c133c064a2ef2993
hierarchical,combined,10,1,1,"[[""McDougall Symbol/Icon Set"", 1]]","[[""mcdougall normed icon / computer/interface command"", 1]]",38fcc454e8b76e8a
hierarchical,combined,10,2,1,"[[""McDougall Symbol/Icon Set"", 1]]","[[""mcdougall normed icon / people/organization"", 1]]",d49b650b98139110
hierarchical,combined,10,3,4,"[[""McDougall Symbol/Icon Set"", 4]]","[[""mcdougall normed icon / uncategorized"", 3], [""mcdougall normed icon / industrial/technical equipment"", 1]]",ed13f562f8b87324 1364c5b7cd9ecbbf de019c7277f5b437 14706a707d383b80
hierarchical,combined,10,4,1,"[[""McDougall Symbol/Icon Set"", 1]]","[[""mcdougall normed icon / uncategorized"", 1]]",3a2cb4f434a8a064
hierarchical,combined,10,5,912,"[[""Mapbox Maki"", 100], [""OCHA Humanitarian Icons"", 100], [""Mulberry Symbols"", 100], [""Blissymbolics"", 100], [""OpenMoji"", 99]]","[[""iconsets"", 237], [""cartography / point of interest"", 100], [""Blissymbolics char"", 100], [""medication instruction"", 82], [""healthcare wayfinding"", 79]]",e06f2924b7be0828 5c0453002753f864 f3865a56dcf2e368 463861ba40ca24a5 f29e44fba07b073d 805e7bde4faca681 1dbfa7824219b1be fa2d441300cc16e4
hierarchical,combined,10,6,2,"[[""ARASAAC Pictograms"", 2]]","[[""ordinal adjective"", 2]]",af6856d538759389 b91cc17cc5f27dee
hierarchical,combined,10,7,1,"[[""ARASAAC Pictograms"", 1]]","[[""qualifying adjective"", 1]]",22c02c27ac84e5ef
hierarchical,combined,10,8,22,"[[""Universal Symbols Healthcare Webfont"", 21], [""USP Pictograms"", 1]]","[[""healthcare wayfinding"", 21], [""medication instruction"", 1]]",11ea7bbb3c0148a7 551bcd5a9f4fef12 4e6eb33dee2b707c f49ec6679d749177 3bd607803334ae70 ae70c04ba85e2901 e8f0a1cc1666633d dec92ad3c878eaad
hierarchical,combined,10,9,1,"[[""OpenMoji"", 1]]","[[""extras-unicode / symbol-other"", 1]]",bc979143c09e5b46
