rank,distance,source_icon_id,source_set_id,source_set_name,source_label,source_category,source_normalized_path,target_icon_id,target_set_id,target_set_name,target_label,target_category,target_normalized_path
1,0.5663307328902066,28a8b289ca2c4cde,13_usp_pictograms_manual,USP Pictograms,81,medication instruction,icon_data/normalized_256/13_usp_pictograms_manual/81__28a8b289ca2c.png,80a27705be60b57f,09_universal_symbols_healthcare_webfont,Universal Symbols Healthcare Webfont,i pathology,healthcare wayfinding,icon_data/normalized_256/09_universal_symbols_healthcare_webfont/i_pathology__80a27705be60.png
2,0.6152843380659523,68f89210db68f8ec,02_aiga_dot_symbol_signs,AIGA/DOT Symbol Signs,AIGA information,,icon_data/normalized_256/02_aiga_dot_symbol_signs/aiga_information__68f89210db68.png,ce2045d9f501bec1,03_mapbox_maki_icons,Mapbox Maki,circle,cartography / point of interest,icon_data/normalized_256/03_mapbox_maki_icons/circle__ce2045d9f501.png
3,0.6392797610172467,672c5ac5c05045ac,11_iso_7010_safety_signs,ISO 7010 Safety Signs,ISO 7010 W022,iconsets,icon_data/normalized_256/11_iso_7010_safety_signs/iso_7010_w022__672c5ac5c050.png,71bd84f092815ba6,04_ocha_humanitarian_icons,OCHA Humanitarian Icons,epidemic,iconsets,icon_data/normalized_256/04_ocha_humanitarian_icons/epidemic__71bd84f09281.png
4,0.6681709109929136,daf8ff6405884069,06_blissymbolics,Blissymbolics,aunt,Blissymbolics char,icon_data/normalized_256/06_blissymbolics/aunt_28909cfb89b1__daf8ff640588.png,dbacbbee1b8418a3,02_aiga_dot_symbol_signs,AIGA/DOT Symbol Signs,Aiga nursery,,icon_data/normalized_256/02_aiga_dot_symbol_signs/aiga_nursery__dbacbbee1b84.png
5,0.6855995046886432,7ec398ff09ac8543,04_ocha_humanitarian_icons,OCHA Humanitarian Icons,camp coordination and camp management,iconsets,icon_data/normalized_256/04_ocha_humanitarian_icons/camp_coordination_and_camp_management__7ec398ff09ac.png,8eb2ae5e436bf3d9,11_iso_7010_safety_signs,ISO 7010 Safety Signs,ISO 7010 W032,iconsets,icon_data/normalized_256/11_iso_7010_safety_signs/iso_7010_w032__8eb2ae5e436b.png
6,0.6878171967325469,672c5ac5c05045ac,11_iso_7010_safety_signs,ISO 7010 Safety Signs,ISO 7010 W022,iconsets,icon_data/normalized_256/11_iso_7010_safety_signs/iso_7010_w022__672c5ac5c050.png,7ec398ff09ac8543,04_ocha_humanitarian_icons,OCHA Humanitarian Icons,camp coordination and camp management,iconsets,icon_data/normalized_256/04_ocha_humanitarian_icons/camp_coordination_and_camp_management__7ec398ff09ac.png
7,0.6924448616470816,3ae85d1803f6fd0e,11_iso_7010_safety_signs,ISO 7010 Safety Signs,ISO 7010 W006,iconsets,icon_data/normalized_256/11_iso_7010_safety_signs/iso_7010_w006__3ae85d1803f6.png,71bd84f092815ba6,04_ocha_humanitarian_icons,OCHA Humanitarian Icons,epidemic,iconsets,icon_data/normalized_256/04_ocha_humanitarian_icons/epidemic__71bd84f09281.png
8,0.7302083325929045,45259ed2dab5f658,13_usp_pictograms_manual,USP Pictograms,76,medication instruction,icon_data/normalized_256/13_usp_pictograms_manual/76__45259ed2dab5.png,6e0d4fcc0f2a575e,04_ocha_humanitarian_icons,OCHA Humanitarian Icons,cold wave,iconsets,icon_data/normalized_256/04_ocha_humanitarian_icons/cold_wave__6e0d4fcc0f2a.png
9,0.7308040031327864,4b6dc51334050530,02_aiga_dot_symbol_signs,AIGA/DOT Symbol Signs,Aiga cashier,,icon_data/normalized_256/02_aiga_dot_symbol_signs/aiga_cashier__4b6dc5133405.png,a078da5a3e833fdc,10_openmoji,OpenMoji,circled anticlockwise arrow,extras-unicode / symbol-other,icon_data/normalized_256/10_openmoji/1f10e__a078da5a3e83.png
10,0.7382149353574915,71bd84f092815ba6,04_ocha_humanitarian_icons,OCHA Humanitarian Icons,epidemic,iconsets,icon_data/normalized_256/04_ocha_humanitarian_icons/epidemic__71bd84f09281.png,8eb2ae5e436bf3d9,11_iso_7010_safety_signs,ISO 7010 Safety Signs,ISO 7010 W032,iconsets,icon_data/normalized_256/11_iso_7010_safety_signs/iso_7010_w032__8eb2ae5e436b.png
11,0.7557527014187897,71bd84f092815ba6,04_ocha_humanitarian_icons,OCHA Humanitarian Icons,epidemic,iconsets,icon_data/normalized_256/04_ocha_humanitarian_icons/epidemic__71bd84f09281.png,d6d03492bf008216,11_iso_7010_safety_signs,ISO 7010 Safety Signs,ISO 7010 W001,iconsets,icon_data/normalized_256/11_iso_7010_safety_signs/iso_7010_w001__d6d03492bf00.png
12,0.7566378882217245,7ec398ff09ac8543,04_ocha_humanitarian_icons,OCHA Humanitarian Icons,camp coordination and camp management,iconsets,icon_data/normalized_256/04_ocha_humanitarian_icons/camp_coordination_and_camp_management__7ec398ff09ac.png,d7c62f4eefad9e5d,11_iso_7010_safety_signs,ISO 7010 Safety Signs,ISO 7010 W013,iconsets,icon_data/normalized_256/11_iso_7010_safety_signs/iso_7010_w013__d7c62f4eefad.png
13,0.7903707218839225,2ff47159a678fa96,13_usp_pictograms_manual,USP Pictograms,75,medication instruction,icon_data/normalized_256/13_usp_pictograms_manual/75__2ff47159a678.png,6e0d4fcc0f2a575e,04_ocha_humanitarian_icons,OCHA Humanitarian Icons,cold wave,iconsets,icon_data/normalized_256/04_ocha_humanitarian_icons/cold_wave__6e0d4fcc0f2a.png
14,0.7965239705569122,32563da2888cb9c8,11_iso_7010_safety_signs,ISO 7010 Safety Signs,ISO 7010 W012,iconsets,icon_data/normalized_256/11_iso_7010_safety_signs/iso_7010_w012__32563da2888c.png,71bd84f092815ba6,04_ocha_humanitarian_icons,OCHA Humanitarian Icons,epidemic,iconsets,icon_data/normalized_256/04_ocha_humanitarian_icons/epidemic__71bd84f09281.png
15,0.7986054169386505,3fc360c5c4e56a82,11_iso_7010_safety_signs,ISO 7010 Safety Signs,ISO 7010 W019,iconsets,icon_data/normalized_256/11_iso_7010_safety_signs/iso_7010_w019__3fc360c5c4e5.png,b2a4d8208fc5eaa5,13_usp_pictograms_manual,USP Pictograms,80,medication instruction,icon_data/normalized_256/13_usp_pictograms_manual/80__b2a4d8208fc5.png
16,0.8012655848572837,0125e5eaa978b2be,10_openmoji,OpenMoji,circled cc,extras-unicode / symbol-other,icon_data/normalized_256/10_openmoji/1f16d__0125e5eaa978.png,4b6dc51334050530,02_aiga_dot_symbol_signs,AIGA/DOT Symbol Signs,Aiga cashier,,icon_data/normalized_256/02_aiga_dot_symbol_signs/aiga_cashier__4b6dc5133405.png
17,0.8112180769769514,72e30cf0259cc441,02_aiga_dot_symbol_signs,AIGA/DOT Symbol Signs,Aiga no parking,,icon_data/normalized_256/02_aiga_dot_symbol_signs/aiga_no_parking__72e30cf0259c.png,ab45fc2620cc66ce,09_universal_symbols_healthcare_webfont,Universal Symbols Healthcare Webfont,i no smoking,healthcare wayfinding,icon_data/normalized_256/09_universal_symbols_healthcare_webfont/i_no_smoking__ab45fc2620cc.png
18,0.8115889584278602,ab45fc2620cc66ce,09_universal_symbols_healthcare_webfont,Universal Symbols Healthcare Webfont,i no smoking,healthcare wayfinding,icon_data/normalized_256/09_universal_symbols_healthcare_webfont/i_no_smoking__ab45fc2620cc.png,d3a0982f1bf0c15d,02_aiga_dot_symbol_signs,AIGA/DOT Symbol Signs,Aiga noparking,,icon_data/normalized_256/02_aiga_dot_symbol_signs/aiga_noparking__d3a0982f1bf0.png
19,0.8272191818798511,2ff47159a678fa96,13_usp_pictograms_manual,USP Pictograms,75,medication instruction,icon_data/normalized_256/13_usp_pictograms_manual/75__2ff47159a678.png,3b5dfa86d4d488d4,04_ocha_humanitarian_icons,OCHA Humanitarian Icons,emergency telecommunications,iconsets,icon_data/normalized_256/04_ocha_humanitarian_icons/emergency_telecommunications__3b5dfa86d4d4.png
20,0.8305853756019824,5942b680f6726c6b,11_iso_7010_safety_signs,ISO 7010 Safety Signs,ISO 7010 W031,iconsets,icon_data/normalized_256/11_iso_7010_safety_signs/iso_7010_w031__5942b680f672.png,71bd84f092815ba6,04_ocha_humanitarian_icons,OCHA Humanitarian Icons,epidemic,iconsets,icon_data/normalized_256/04_ocha_humanitarian_icons/epidemic__71bd84f09281.png
21,0.8320369020758279,0ca7c67b9607dd2a,13_usp_pictograms_manual,USP Pictograms,47,medication instruction,icon_data/normalized_256/13_usp_pictograms_manual/47__0ca7c67b9607.png,5d96dfc9b1190032,11_iso_7010_safety_signs,ISO 7010 Safety Signs,ISO 7010 W036,iconsets,icon_data/normalized_256/11_iso_7010_safety_signs/iso_7010_w036__5d96dfc9b119.png
22,0.8329997725528074,71bd84f092815ba6,04_ocha_humanitarian_icons,OCHA Humanitarian Icons,epidemic,iconsets,icon_data/normalized_256/04_ocha_humanitarian_icons/epidemic__71bd84f09281.png,fe817e0b4fe2f905,11_iso_7010_safety_signs,ISO 7010 Safety Signs,ISO 7010 W004,iconsets,icon_data/normalized_256/11_iso_7010_safety_signs/iso_7010_w004__fe817e0b4fe2.png
23,0.8340509899084964,5942b680f6726c6b,11_iso_7010_safety_signs,ISO 7010 Safety Signs,ISO 7010 W031,iconsets,icon_data/normalized_256/11_iso_7010_safety_signs/iso_7010_w031__5942b680f672.png,7ec398ff09ac8543,04_ocha_humanitarian_icons,OCHA Humanitarian Icons,camp coordination and camp management,iconsets,icon_data/normalized_256/04_ocha_humanitarian_icons/camp_coordination_and_camp_management__7ec398ff09ac.png
24,0.8562684806322178,71bd84f092815ba6,04_ocha_humanitarian_icons,OCHA Humanitarian Icons,epidemic,iconsets,icon_data/normalized_256/04_ocha_humanitarian_icons/epidemic__71bd84f09281.png,c76f1030330c1010,11_iso_7010_safety_signs,ISO 7010 Safety Signs,ISO 7010 W005,iconsets,icon_data/normalized_256/11_iso_7010_safety_signs/iso_7010_w005__c76f1030330c.png
25,0.8594376124627323,70f95fbb8f91b253,11_iso_7010_safety_signs,ISO 7010 Safety Signs,ISO 7010 W028,iconsets,icon_data/normalized_256/11_iso_7010_safety_signs/iso_7010_w028__70f95fbb8f91.png,71bd84f092815ba6,04_ocha_humanitarian_icons,OCHA Humanitarian Icons,epidemic,iconsets,icon_data/normalized_256/04_ocha_humanitarian_icons/epidemic__71bd84f09281.png
26,0.8706539133563904,0f8cade296175730,11_iso_7010_safety_signs,ISO 7010 Safety Signs,ISO 7010 W030,iconsets,icon_data/normalized_256/11_iso_7010_safety_signs/iso_7010_w030__0f8cade29617.png,b9de8a34c070b448,04_ocha_humanitarian_icons,OCHA Humanitarian Icons,alert,iconsets,icon_data/normalized_256/04_ocha_humanitarian_icons/alert__b9de8a34c070.png
27,0.8787836958326531,b8170c7e62df15a5,11_iso_7010_safety_signs,ISO 7010 Safety Signs,ISO 7010 W038,iconsets,icon_data/normalized_256/11_iso_7010_safety_signs/iso_7010_w038__b8170c7e62df.png,b9de8a34c070b448,04_ocha_humanitarian_icons,OCHA Humanitarian Icons,alert,iconsets,icon_data/normalized_256/04_ocha_humanitarian_icons/alert__b9de8a34c070.png
28,0.8840033839772118,2663a2a83e8e54b1,11_iso_7010_safety_signs,ISO 7010 Safety Signs,ISO 7010 W021,iconsets,icon_data/normalized_256/11_iso_7010_safety_signs/iso_7010_w021__2663a2a83e8e.png,71bd84f092815ba6,04_ocha_humanitarian_icons,OCHA Humanitarian Icons,epidemic,iconsets,icon_data/normalized_256/04_ocha_humanitarian_icons/epidemic__71bd84f09281.png
29,0.8858833476692357,7ec398ff09ac8543,04_ocha_humanitarian_icons,OCHA Humanitarian Icons,camp coordination and camp management,iconsets,icon_data/normalized_256/04_ocha_humanitarian_icons/camp_coordination_and_camp_management__7ec398ff09ac.png,c76f1030330c1010,11_iso_7010_safety_signs,ISO 7010 Safety Signs,ISO 7010 W005,iconsets,icon_data/normalized_256/11_iso_7010_safety_signs/iso_7010_w005__c76f1030330c.png
30,0.8860236687421289,ca282d9b8d67354b,03_mapbox_maki_icons,Mapbox Maki,fire station,cartography / point of interest,icon_data/normalized_256/03_mapbox_maki_icons/fire_station__ca282d9b8d67.png,fd46387c8add6704,04_ocha_humanitarian_icons,OCHA Humanitarian Icons,damaged affected,iconsets,icon_data/normalized_256/04_ocha_humanitarian_icons/damaged_affected__fd46387c8add.png
31,0.8911563042304681,569ca78170ef30ad,11_iso_7010_safety_signs,ISO 7010 Safety Signs,ISO 7010 W026,iconsets,icon_data/normalized_256/11_iso_7010_safety_signs/iso_7010_w026__569ca78170ef.png,71bd84f092815ba6,04_ocha_humanitarian_icons,OCHA Humanitarian Icons,epidemic,iconsets,icon_data/normalized_256/04_ocha_humanitarian_icons/epidemic__71bd84f09281.png
32,0.9038100098647612,5e385afcc791cef6,02_aiga_dot_symbol_signs,AIGA/DOT Symbol Signs,Aiga bus,,icon_data/normalized_256/02_aiga_dot_symbol_signs/aiga_bus__5e385afcc791.png,9a961a17a6716c5f,03_mapbox_maki_icons,Mapbox Maki,home,cartography / point of interest,icon_data/normalized_256/03_mapbox_maki_icons/home__9a961a17a671.png
33,0.9065110728535032,3ae85d1803f6fd0e,11_iso_7010_safety_signs,ISO 7010 Safety Signs,ISO 7010 W006,iconsets,icon_data/normalized_256/11_iso_7010_safety_signs/iso_7010_w006__3ae85d1803f6.png,7ec398ff09ac8543,04_ocha_humanitarian_icons,OCHA Humanitarian Icons,camp coordination and camp management,iconsets,icon_data/normalized_256/04_ocha_humanitarian_icons/camp_coordination_and_camp_management__7ec398ff09ac.png
34,0.9073841188825562,5942b680f6726c6b,11_iso_7010_safety_signs,ISO 7010 Safety Signs,ISO 7010 W031,iconsets,icon_data/normalized_256/11_iso_7010_safety_signs/iso_7010_w031__5942b680f672.png,daf8ff6405884069,06_blissymbolics,Blissymbolics,aunt,Blissymbolics char,icon_data/normalized_256/06_blissymbolics/aunt_28909cfb89b1__daf8ff640588.png
35,0.9095225698799987,b9de8a34c070b448,04_ocha_humanitarian_icons,OCHA Humanitarian Icons,alert,iconsets,icon_data/normalized_256/04_ocha_humanitarian_icons/alert__b9de8a34c070.png,d8b035da8f412942,11_iso_7010_safety_signs,ISO 7010 Safety Signs,ISO 7010 W034,iconsets,icon_data/normalized_256/11_iso_7010_safety_signs/iso_7010_w034__d8b035da8f41.png
36,0.9112642909881589,71bd84f092815ba6,04_ocha_humanitarian_icons,OCHA Humanitarian Icons,epidemic,iconsets,icon_data/normalized_256/04_ocha_humanitarian_icons/epidemic__71bd84f09281.png,a550646e3a8c8903,11_iso_7010_safety_signs,ISO 7010 Safety Signs,ISO 7010 W017,iconsets,icon_data/normalized_256/11_iso_7010_safety_signs/iso_7010_w017__a550646e3a8c.png
37,0.9157611988054993,0ca7c67b9607dd2a,13_usp_pictograms_manual,USP Pictograms,47,medication instruction,icon_data/normalized_256/13_usp_pictograms_manual/47__0ca7c67b9607.png,161d8c4c3de951fb,11_iso_7010_safety_signs,ISO 7010 Safety Signs,ISO 7010 W014,iconsets,icon_data/normalized_256/11_iso_7010_safety_signs/iso_7010_w014__161d8c4c3de9.png
38,0.9163515131998938,315c1a46ae0e5e14,03_mapbox_maki_icons,Mapbox Maki,cemetery,cartography / point of interest,icon_data/normalized_256/03_mapbox_maki_icons/cemetery__315c1a46ae0e.png,9aa76e1c2ac046a2,04_ocha_humanitarian_icons,OCHA Humanitarian Icons,distribution site,iconsets,icon_data/normalized_256/04_ocha_humanitarian_icons/distribution_site__9aa76e1c2ac0.png
39,0.9166725016379614,7077cdcc94cf4878,04_ocha_humanitarian_icons,OCHA Humanitarian Icons,agile,iconsets,icon_data/normalized_256/04_ocha_humanitarian_icons/agile__7077cdcc94cf.png,b8170c7e62df15a5,11_iso_7010_safety_signs,ISO 7010 Safety Signs,ISO 7010 W038,iconsets,icon_data/normalized_256/11_iso_7010_safety_signs/iso_7010_w038__b8170c7e62df.png
40,0.9195544239499863,70f95fbb8f91b253,11_iso_7010_safety_signs,ISO 7010 Safety Signs,ISO 7010 W028,iconsets,icon_data/normalized_256/11_iso_7010_safety_signs/iso_7010_w028__70f95fbb8f91.png,7ec398ff09ac8543,04_ocha_humanitarian_icons,OCHA Humanitarian Icons,camp coordination and camp management,iconsets,icon_data/normalized_256/04_ocha_humanitarian_icons/camp_coordination_and_camp_management__7ec398ff09ac.png
41,0.9204976561708069,1e157882b7150c13,11_iso_7010_safety_signs,ISO 7010 Safety Signs,ISO 7010 W035,iconsets,icon_data/normalized_256/11_iso_7010_safety_signs/iso_7010_w035__1e157882b715.png,b9de8a34c070b448,04_ocha_humanitarian_icons,OCHA Humanitarian Icons,alert,iconsets,icon_data/normalized_256/04_ocha_humanitarian_icons/alert__b9de8a34c070.png
42,0.9210063758455749,45d94eaae0a915ae,03_mapbox_maki_icons,Mapbox Maki,hospital,cartography / point of interest,icon_data/normalized_256/03_mapbox_maki_icons/hospital__45d94eaae0a9.png,bf3dc9f7d43e8167,09_universal_symbols_healthcare_webfont,Universal Symbols Healthcare Webfont,i health services,healthcare wayfinding,icon_data/normalized_256/09_universal_symbols_healthcare_webfont/i_health_services__bf3dc9f7d43e.png
43,0.921372305644491,15eae1fecd0afd94,04_ocha_humanitarian_icons,OCHA Humanitarian Icons,conflict,iconsets,icon_data/normalized_256/04_ocha_humanitarian_icons/conflict__15eae1fecd0a.png,a078da5a3e833fdc,10_openmoji,OpenMoji,circled anticlockwise arrow,extras-unicode / symbol-other,icon_data/normalized_256/10_openmoji/1f10e__a078da5a3e83.png
44,0.9247903017869228,ce2045d9f501bec1,03_mapbox_maki_icons,Mapbox Maki,circle,cartography / point of interest,icon_data/normalized_256/03_mapbox_maki_icons/circle__ce2045d9f501.png,fd46387c8add6704,04_ocha_humanitarian_icons,OCHA Humanitarian Icons,damaged affected,iconsets,icon_data/normalized_256/04_ocha_humanitarian_icons/damaged_affected__fd46387c8add.png
45,0.9252140547715851,15eae1fecd0afd94,04_ocha_humanitarian_icons,OCHA Humanitarian Icons,conflict,iconsets,icon_data/normalized_256/04_ocha_humanitarian_icons/conflict__15eae1fecd0a.png,ebb27d9f901db57b,10_openmoji,OpenMoji,copyright,symbols / other-symbol,icon_data/normalized_256/10_openmoji/00a9__ebb27d9f901d.png
46,0.9257148419779155,32563da2888cb9c8,11_iso_7010_safety_signs,ISO 7010 Safety Signs,ISO 7010 W012,iconsets,icon_data/normalized_256/11_iso_7010_safety_signs/iso_7010_w012__32563da2888c.png,7ec398ff09ac8543,04_ocha_humanitarian_icons,OCHA Humanitarian Icons,camp coordination and camp management,iconsets,icon_data/normalized_256/04_ocha_humanitarian_icons/camp_coordination_and_camp_management__7ec398ff09ac.png
47,0.9288683739709412,15eae1fecd0afd94,04_ocha_humanitarian_icons,OCHA Humanitarian Icons,conflict,iconsets,icon_data/normalized_256/04_ocha_humanitarian_icons/conflict__15eae1fecd0a.png,4326713e6d159ffb,10_openmoji,OpenMoji,copyleft symbol,extras-unicode / symbol-other,icon_data/normalized_256/10_openmoji/1f12f__4326713e6d15.png
48,0.9300109555454369,2faf915cd946a094,09_universal_symbols_healthcare_webfont,Universal Symbols Healthcare Webfont,i dental,healthcare wayfinding,icon_data/normalized_256/09_universal_symbols_healthcare_webfont/i_dental__2faf915cd946.png,439673af454e212d,03_mapbox_maki_icons,Mapbox Maki,dentist,cartography / point of interest,icon_data/normalized_256/03_mapbox_maki_icons/dentist__439673af454e.png
49,0.9329498191860691,45c3be26acc9e457,02_aiga_dot_symbol_signs,AIGA/DOT Symbol Signs,20 airtransportation,,icon_data/normalized_256/02_aiga_dot_symbol_signs/20_airtransportation__45c3be26acc9.png,816b86edbeb4132c,04_ocha_humanitarian_icons,OCHA Humanitarian Icons,airport,iconsets,icon_data/normalized_256/04_ocha_humanitarian_icons/airport__816b86edbeb4.png
50,0.9331009949254855,9ed14749475a0308,03_mapbox_maki_icons,Mapbox Maki,building,cartography / point of interest,icon_data/normalized_256/03_mapbox_maki_icons/building__9ed14749475a.png,ba8c66f46e983aba,10_openmoji,OpenMoji,NG button,symbols / alphanum,icon_data/normalized_256/10_openmoji/1f196__ba8c66f46e98.png
51,0.9341180894958457,10a12861bfd41cb7,03_mapbox_maki_icons,Mapbox Maki,elevator,cartography / point of interest,icon_data/normalized_256/03_mapbox_maki_icons/elevator__10a12861bfd4.png,a2849a77c6027ed0,04_ocha_humanitarian_icons,OCHA Humanitarian Icons,case management,iconsets,icon_data/normalized_256/04_ocha_humanitarian_icons/case_management__a2849a77c602.png
52,0.9344958171899042,0125e5eaa978b2be,10_openmoji,OpenMoji,circled cc,extras-unicode / symbol-other,icon_data/normalized_256/10_openmoji/1f16d__0125e5eaa978.png,15eae1fecd0afd94,04_ocha_humanitarian_icons,OCHA Humanitarian Icons,conflict,iconsets,icon_data/normalized_256/04_ocha_humanitarian_icons/conflict__15eae1fecd0a.png
53,0.935999978665962,71bd84f092815ba6,04_ocha_humanitarian_icons,OCHA Humanitarian Icons,epidemic,iconsets,icon_data/normalized_256/04_ocha_humanitarian_icons/epidemic__71bd84f09281.png,b8d532b96649ad9b,11_iso_7010_safety_signs,ISO 7010 Safety Signs,ISO 7010 W015,iconsets,icon_data/normalized_256/11_iso_7010_safety_signs/iso_7010_w015__b8d532b96649.png
54,0.9374148257258651,7ec398ff09ac8543,04_ocha_humanitarian_icons,OCHA Humanitarian Icons,camp coordination and camp management,iconsets,icon_data/normalized_256/04_ocha_humanitarian_icons/camp_coordination_and_camp_management__7ec398ff09ac.png,d6d03492bf008216,11_iso_7010_safety_signs,ISO 7010 Safety Signs,ISO 7010 W001,iconsets,icon_data/normalized_256/11_iso_7010_safety_signs/iso_7010_w001__d6d03492bf00.png
55,0.9389244734802322,0ca7c67b9607dd2a,13_usp_pictograms_manual,USP Pictograms,47,medication instruction,icon_data/normalized_256/13_usp_pictograms_manual/47__0ca7c67b9607.png,f7d82e130ffce18a,11_iso_7010_safety_signs,ISO 7010 Safety Signs,ISO 7010 W016,iconsets,icon_data/normalized_256/11_iso_7010_safety_signs/iso_7010_w016__f7d82e130ffc.png
56,0.9393922897517567,71bd84f092815ba6,04_ocha_humanitarian_icons,OCHA Humanitarian Icons,epidemic,iconsets,icon_data/normalized_256/04_ocha_humanitarian_icons/epidemic__71bd84f09281.png,9198bbcd6bccdff0,11_iso_7010_safety_signs,ISO 7010 Safety Signs,ISO 7010 W025,iconsets,icon_data/normalized_256/11_iso_7010_safety_signs/iso_7010_w025__9198bbcd6bcc.png
57,0.9402460374332889,b9de8a34c070b448,04_ocha_humanitarian_icons,OCHA Humanitarian Icons,alert,iconsets,icon_data/normalized_256/04_ocha_humanitarian_icons/alert__b9de8a34c070.png,cb42c40961b71681,11_iso_7010_safety_signs,ISO 7010 Safety Signs,ISO 7010 W037,iconsets,icon_data/normalized_256/11_iso_7010_safety_signs/iso_7010_w037__cb42c40961b7.png
58,0.9459464568488557,315c1a46ae0e5e14,03_mapbox_maki_icons,Mapbox Maki,cemetery,cartography / point of interest,icon_data/normalized_256/03_mapbox_maki_icons/cemetery__315c1a46ae0e.png,ded26fef294285a1,04_ocha_humanitarian_icons,OCHA Humanitarian Icons,community building,iconsets,icon_data/normalized_256/04_ocha_humanitarian_icons/community_building__ded26fef2942.png
59,0.9514634265457577,68f89210db68f8ec,02_aiga_dot_symbol_signs,AIGA/DOT Symbol Signs,AIGA information,,icon_data/normalized_256/02_aiga_dot_symbol_signs/aiga_information__68f89210db68.png,fd46387c8add6704,04_ocha_humanitarian_icons,OCHA Humanitarian Icons,damaged affected,iconsets,icon_data/normalized_256/04_ocha_humanitarian_icons/damaged_affected__fd46387c8add.png
60,0.952133486525659,315c1a46ae0e5e14,03_mapbox_maki_icons,Mapbox Maki,cemetery,cartography / point of interest,icon_data/normalized_256/03_mapbox_maki_icons/cemetery__315c1a46ae0e.png,483ec0cd8c82a61d,04_ocha_humanitarian_icons,OCHA Humanitarian Icons,clinic,iconsets,icon_data/normalized_256/04_ocha_humanitarian_icons/clinic__483ec0cd8c82.png
61,0.9524796779179823,45259ed2dab5f658,13_usp_pictograms_manual,USP Pictograms,76,medication instruction,icon_data/normalized_256/13_usp_pictograms_manual/76__45259ed2dab5.png,f827e42afce0851c,06_blissymbolics,Blissymbolics,birth,Blissymbolics char,icon_data/normalized_256/06_blissymbolics/birth_5b6c23b9f4c8__f827e42afce0.png
62,0.9542576777995037,1fbf9d60526c0768,04_ocha_humanitarian_icons,OCHA Humanitarian Icons,add,iconsets,icon_data/normalized_256/04_ocha_humanitarian_icons/add__1fbf9d60526c.png,45d94eaae0a915ae,03_mapbox_maki_icons,Mapbox Maki,hospital,cartography / point of interest,icon_data/normalized_256/03_mapbox_maki_icons/hospital__45d94eaae0a9.png
63,0.9598689651862053,161d8c4c3de951fb,11_iso_7010_safety_signs,ISO 7010 Safety Signs,ISO 7010 W014,iconsets,icon_data/normalized_256/11_iso_7010_safety_signs/iso_7010_w014__161d8c4c3de9.png,71bd84f092815ba6,04_ocha_humanitarian_icons,OCHA Humanitarian Icons,epidemic,iconsets,icon_data/normalized_256/04_ocha_humanitarian_icons/epidemic__71bd84f09281.png
64,0.9617603630042879,7ec398ff09ac8543,04_ocha_humanitarian_icons,OCHA Humanitarian Icons,camp coordination and camp management,iconsets,icon_data/normalized_256/04_ocha_humanitarian_icons/camp_coordination_and_camp_management__7ec398ff09ac.png,b8d532b96649ad9b,11_iso_7010_safety_signs,ISO 7010 Safety Signs,ISO 7010 W015,iconsets,icon_data/normalized_256/11_iso_7010_safety_signs/iso_7010_w015__b8d532b96649.png
65,0.9629856810449273,a09e21ebdedab5a7,04_ocha_humanitarian_icons,OCHA Humanitarian Icons,agriculture,iconsets,icon_data/normalized_256/04_ocha_humanitarian_icons/agriculture__a09e21ebdeda.png,ce262294a18e33a8,13_usp_pictograms_manual,USP Pictograms,65,medication instruction,icon_data/normalized_256/13_usp_pictograms_manual/65__ce262294a18e.png
66,0.9637925998436369,b968762ee8180718,02_aiga_dot_symbol_signs,AIGA/DOT Symbol Signs,Aiga nosmoking,,icon_data/normalized_256/02_aiga_dot_symbol_signs/aiga_nosmoking__b968762ee818.png,ce2045d9f501bec1,03_mapbox_maki_icons,Mapbox Maki,circle,cartography / point of interest,icon_data/normalized_256/03_mapbox_maki_icons/circle__ce2045d9f501.png
67,0.9648605709296404,0ca7c67b9607dd2a,13_usp_pictograms_manual,USP Pictograms,47,medication instruction,icon_data/normalized_256/13_usp_pictograms_manual/47__0ca7c67b9607.png,672c5ac5c05045ac,11_iso_7010_safety_signs,ISO 7010 Safety Signs,ISO 7010 W022,iconsets,icon_data/normalized_256/11_iso_7010_safety_signs/iso_7010_w022__672c5ac5c050.png
68,0.9662562632429423,49ca9fbeb665b154,05_mulberry_symbols,Mulberry Symbols,Christmas bell,iconsets,icon_data/normalized_256/05_mulberry_symbols/christmas_bell__49ca9fbeb665.png,e22046506b44b5b2,07_arasaac_pictograms,ARASAAC Pictograms,frightened,qualifying adjective; feeling; halloween,icon_data/normalized_256/07_arasaac_pictograms/10208__e22046506b44.png
69,0.9682647578667934,3fc360c5c4e56a82,11_iso_7010_safety_signs,ISO 7010 Safety Signs,ISO 7010 W019,iconsets,icon_data/normalized_256/11_iso_7010_safety_signs/iso_7010_w019__3fc360c5c4e5.png,e93973679234ed81,13_usp_pictograms_manual,USP Pictograms,54,medication instruction,icon_data/normalized_256/13_usp_pictograms_manual/54__e93973679234.png
70,0.9688508648258132,0f0ba10ef3a52533,13_usp_pictograms_manual,USP Pictograms,35,medication instruction,icon_data/normalized_256/13_usp_pictograms_manual/35__0f0ba10ef3a5.png,a09e21ebdedab5a7,04_ocha_humanitarian_icons,OCHA Humanitarian Icons,agriculture,iconsets,icon_data/normalized_256/04_ocha_humanitarian_icons/agriculture__a09e21ebdeda.png
71,0.9692845079346519,0ca7c67b9607dd2a,13_usp_pictograms_manual,USP Pictograms,47,medication instruction,icon_data/normalized_256/13_usp_pictograms_manual/47__0ca7c67b9607.png,3fc360c5c4e56a82,11_iso_7010_safety_signs,ISO 7010 Safety Signs,ISO 7010 W019,iconsets,icon_data/normalized_256/11_iso_7010_safety_signs/iso_7010_w019__3fc360c5c4e5.png
72,0.9697985694872893,71bd84f092815ba6,04_ocha_humanitarian_icons,OCHA Humanitarian Icons,epidemic,iconsets,icon_data/normalized_256/04_ocha_humanitarian_icons/epidemic__71bd84f09281.png,b8170c7e62df15a5,11_iso_7010_safety_signs,ISO 7010 Safety Signs,ISO 7010 W038,iconsets,icon_data/normalized_256/11_iso_7010_safety_signs/iso_7010_w038__b8170c7e62df.png
73,0.9708068018400166,252594db039d92a6,04_ocha_humanitarian_icons,OCHA Humanitarian Icons,email,iconsets,icon_data/normalized_256/04_ocha_humanitarian_icons/email__252594db039d.png,8eb2ae5e436bf3d9,11_iso_7010_safety_signs,ISO 7010 Safety Signs,ISO 7010 W032,iconsets,icon_data/normalized_256/11_iso_7010_safety_signs/iso_7010_w032__8eb2ae5e436b.png
74,0.970889532946668,99ecaad15ea16c98,04_ocha_humanitarian_icons,OCHA Humanitarian Icons,doctor,iconsets,icon_data/normalized_256/04_ocha_humanitarian_icons/doctor__99ecaad15ea1.png,f827e42afce0851c,06_blissymbolics,Blissymbolics,birth,Blissymbolics char,icon_data/normalized_256/06_blissymbolics/birth_5b6c23b9f4c8__f827e42afce0.png
75,0.9732878427814753,7ec398ff09ac8543,04_ocha_humanitarian_icons,OCHA Humanitarian Icons,camp coordination and camp management,iconsets,icon_data/normalized_256/04_ocha_humanitarian_icons/camp_coordination_and_camp_management__7ec398ff09ac.png,9198bbcd6bccdff0,11_iso_7010_safety_signs,ISO 7010 Safety Signs,ISO 7010 W025,iconsets,icon_data/normalized_256/11_iso_7010_safety_signs/iso_7010_w025__9198bbcd6bcc.png
76,0.9738430717276758,7ec398ff09ac8543,04_ocha_humanitarian_icons,OCHA Humanitarian Icons,camp coordination and camp management,iconsets,icon_data/normalized_256/04_ocha_humanitarian_icons/camp_coordination_and_camp_management__7ec398ff09ac.png,a550646e3a8c8903,11_iso_7010_safety_signs,ISO 7010 Safety Signs,ISO 7010 W017,iconsets,icon_data/normalized_256/11_iso_7010_safety_signs/iso_7010_w017__a550646e3a8c.png
77,0.9767806041629636,5f9147febc575092,02_aiga_dot_symbol_signs,AIGA/DOT Symbol Signs,Aiga firstaid,,icon_data/normalized_256/02_aiga_dot_symbol_signs/aiga_firstaid__5f9147febc57.png,bf3dc9f7d43e8167,09_universal_symbols_healthcare_webfont,Universal Symbols Healthcare Webfont,i health services,healthcare wayfinding,icon_data/normalized_256/09_universal_symbols_healthcare_webfont/i_health_services__bf3dc9f7d43e.png
78,0.9769443877899419,2663a2a83e8e54b1,11_iso_7010_safety_signs,ISO 7010 Safety Signs,ISO 7010 W021,iconsets,icon_data/normalized_256/11_iso_7010_safety_signs/iso_7010_w021__2663a2a83e8e.png,7ec398ff09ac8543,04_ocha_humanitarian_icons,OCHA Humanitarian Icons,camp coordination and camp management,iconsets,icon_data/normalized_256/04_ocha_humanitarian_icons/camp_coordination_and_camp_management__7ec398ff09ac.png
79,0.9825014443635894,8eb2ae5e436bf3d9,11_iso_7010_safety_signs,ISO 7010 Safety Signs,ISO 7010 W032,iconsets,icon_data/normalized_256/11_iso_7010_safety_signs/iso_7010_w032__8eb2ae5e436b.png,d90a53fc6a52fc3e,04_ocha_humanitarian_icons,OCHA Humanitarian Icons,dangerous area,iconsets,icon_data/normalized_256/04_ocha_humanitarian_icons/dangerous_area__d90a53fc6a52.png
80,0.9844494177550676,0e14f4458e64764c,02_aiga_dot_symbol_signs,AIGA/DOT Symbol Signs,Aiga noentry,,icon_data/normalized_256/02_aiga_dot_symbol_signs/aiga_noentry__0e14f4458e64.png,12cf36cf5b20fc8d,03_mapbox_maki_icons,Mapbox Maki,gift,cartography / point of interest,icon_data/normalized_256/03_mapbox_maki_icons/gift__12cf36cf5b20.png
81,0.9860414909267515,3b5dfa86d4d488d4,04_ocha_humanitarian_icons,OCHA Humanitarian Icons,emergency telecommunications,iconsets,icon_data/normalized_256/04_ocha_humanitarian_icons/emergency_telecommunications__3b5dfa86d4d4.png,45259ed2dab5f658,13_usp_pictograms_manual,USP Pictograms,76,medication instruction,icon_data/normalized_256/13_usp_pictograms_manual/76__45259ed2dab5.png
82,0.9862988671977407,5c000c0625ba1fb6,02_aiga_dot_symbol_signs,AIGA/DOT Symbol Signs,Aiga railtransportation,,icon_data/normalized_256/02_aiga_dot_symbol_signs/aiga_railtransportation__5c000c0625ba.png,633d125136da3e33,03_mapbox_maki_icons,Mapbox Maki,casino,cartography / point of interest,icon_data/normalized_256/03_mapbox_maki_icons/casino__633d125136da.png
83,0.987762553765789,4b6dc51334050530,02_aiga_dot_symbol_signs,AIGA/DOT Symbol Signs,Aiga cashier,,icon_data/normalized_256/02_aiga_dot_symbol_signs/aiga_cashier__4b6dc5133405.png,ebb27d9f901db57b,10_openmoji,OpenMoji,copyright,symbols / other-symbol,icon_data/normalized_256/10_openmoji/00a9__ebb27d9f901d.png
84,0.9880091053740192,96955357c8bb7589,02_aiga_dot_symbol_signs,AIGA/DOT Symbol Signs,Aiga escalator,,icon_data/normalized_256/02_aiga_dot_symbol_signs/aiga_escalator__96955357c8bb.png,a6de329fe05595c3,03_mapbox_maki_icons,Mapbox Maki,hardware,cartography / point of interest,icon_data/normalized_256/03_mapbox_maki_icons/hardware__a6de329fe055.png
85,0.988422452588018,9b8db9ceca7b745d,04_ocha_humanitarian_icons,OCHA Humanitarian Icons,clothing,iconsets,icon_data/normalized_256/04_ocha_humanitarian_icons/clothing__9b8db9ceca7b.png,b8170c7e62df15a5,11_iso_7010_safety_signs,ISO 7010 Safety Signs,ISO 7010 W038,iconsets,icon_data/normalized_256/11_iso_7010_safety_signs/iso_7010_w038__b8170c7e62df.png
86,0.9901276066753616,8eb2ae5e436bf3d9,11_iso_7010_safety_signs,ISO 7010 Safety Signs,ISO 7010 W032,iconsets,icon_data/normalized_256/11_iso_7010_safety_signs/iso_7010_w032__8eb2ae5e436b.png,daf8ff6405884069,06_blissymbolics,Blissymbolics,aunt,Blissymbolics char,icon_data/normalized_256/06_blissymbolics/aunt_28909cfb89b1__daf8ff640588.png
87,0.9935165937760079,e22046506b44b5b2,07_arasaac_pictograms,ARASAAC Pictograms,frightened,qualifying adjective; feeling; halloween,icon_data/normalized_256/07_arasaac_pictograms/10208__e22046506b44.png,e53a47b5300662eb,05_mulberry_symbols,Mulberry Symbols,Christmas bauble,iconsets,icon_data/normalized_256/05_mulberry_symbols/christmas_bauble__e53a47b53006.png
88,0.9945377500057999,672c5ac5c05045ac,11_iso_7010_safety_signs,ISO 7010 Safety Signs,ISO 7010 W022,iconsets,icon_data/normalized_256/11_iso_7010_safety_signs/iso_7010_w022__672c5ac5c050.png,d90a53fc6a52fc3e,04_ocha_humanitarian_icons,OCHA Humanitarian Icons,dangerous area,iconsets,icon_data/normalized_256/04_ocha_humanitarian_icons/dangerous_area__d90a53fc6a52.png
89,0.9954567380435493,0ca7c67b9607dd2a,13_usp_pictograms_manual,USP Pictograms,47,medication instruction,icon_data/normalized_256/13_usp_pictograms_manual/47__0ca7c67b9607.png,569ca78170ef30ad,11_iso_7010_safety_signs,ISO 7010 Safety Signs,ISO 7010 W026,iconsets,icon_data/normalized_256/11_iso_7010_safety_signs/iso_7010_w026__569ca78170ef.png
90,0.9959752584447742,252594db039d92a6,04_ocha_humanitarian_icons,OCHA Humanitarian Icons,email,iconsets,icon_data/normalized_256/04_ocha_humanitarian_icons/email__252594db039d.png,672c5ac5c05045ac,11_iso_7010_safety_signs,ISO 7010 Safety Signs,ISO 7010 W022,iconsets,icon_data/normalized_256/11_iso_7010_safety_signs/iso_7010_w022__672c5ac5c050.png
91,1.0007340043000366,4326713e6d159ffb,10_openmoji,OpenMoji,copyleft symbol,extras-unicode / symbol-other,icon_data/normalized_256/10_openmoji/1f12f__4326713e6d15.png,4b6dc51334050530,02_aiga_dot_symbol_signs,AIGA/DOT Symbol Signs,Aiga cashier,,icon_data/normalized_256/02_aiga_dot_symbol_signs/aiga_cashier__4b6dc5133405.png
92,1.0019427931963223,0ca7c67b9607dd2a,13_usp_pictograms_manual,USP Pictograms,47,medication instruction,icon_data/normalized_256/13_usp_pictograms_manual/47__0ca7c67b9607.png,969d2464f703154e,11_iso_7010_safety_signs,ISO 7010 Safety Signs,ISO 7010 W024,iconsets,icon_data/normalized_256/11_iso_7010_safety_signs/iso_7010_w024__969d2464f703.png
93,1.004038912589312,94c57da7bd24dacc,09_universal_symbols_healthcare_webfont,Universal Symbols Healthcare Webfont,i medical library,healthcare wayfinding,icon_data/normalized_256/09_universal_symbols_healthcare_webfont/i_medical_library__94c57da7bd24.png,d879928d5d662c7b,04_ocha_humanitarian_icons,OCHA Humanitarian Icons,airport closed,iconsets,icon_data/normalized_256/04_ocha_humanitarian_icons/airport_closed__d879928d5d66.png
94,1.0060059623267716,300cef2097e53e7f,10_openmoji,OpenMoji,regional indicator B,extras-unicode / regional-indicator,icon_data/normalized_256/10_openmoji/1f1e7__300cef2097e5.png,a7d66717384d32a7,02_aiga_dot_symbol_signs,AIGA/DOT Symbol Signs,Aiga mail,,icon_data/normalized_256/02_aiga_dot_symbol_signs/aiga_mail__a7d66717384d.png
95,1.0086700645309497,0c2fc4eef9275cc9,11_iso_7010_safety_signs,ISO 7010 Safety Signs,ISO 7010 W029,iconsets,icon_data/normalized_256/11_iso_7010_safety_signs/iso_7010_w029__0c2fc4eef927.png,b2a4d8208fc5eaa5,13_usp_pictograms_manual,USP Pictograms,80,medication instruction,icon_data/normalized_256/13_usp_pictograms_manual/80__b2a4d8208fc5.png
96,1.009386320203961,4326713e6d159ffb,10_openmoji,OpenMoji,copyleft symbol,extras-unicode / symbol-other,icon_data/normalized_256/10_openmoji/1f12f__4326713e6d15.png,827a06d7d1a63dd1,04_ocha_humanitarian_icons,OCHA Humanitarian Icons,coordination,iconsets,icon_data/normalized_256/04_ocha_humanitarian_icons/coordination__827a06d7d1a6.png
97,1.009410488765516,28a8b289ca2c4cde,13_usp_pictograms_manual,USP Pictograms,81,medication instruction,icon_data/normalized_256/13_usp_pictograms_manual/81__28a8b289ca2c.png,4e6eb33dee2b707c,09_universal_symbols_healthcare_webfont,Universal Symbols Healthcare Webfont,i information us,healthcare wayfinding,icon_data/normalized_256/09_universal_symbols_healthcare_webfont/i_information_us__4e6eb33dee2b.png
98,1.0100171554607396,827a06d7d1a63dd1,04_ocha_humanitarian_icons,OCHA Humanitarian Icons,coordination,iconsets,icon_data/normalized_256/04_ocha_humanitarian_icons/coordination__827a06d7d1a6.png,ebb27d9f901db57b,10_openmoji,OpenMoji,copyright,symbols / other-symbol,icon_data/normalized_256/10_openmoji/00a9__ebb27d9f901d.png
99,1.0117420230357794,0125e5eaa978b2be,10_openmoji,OpenMoji,circled cc,extras-unicode / symbol-other,icon_data/normalized_256/10_openmoji/1f16d__0125e5eaa978.png,827a06d7d1a63dd1,04_ocha_humanitarian_icons,OCHA Humanitarian Icons,coordination,iconsets,icon_data/normalized_256/04_ocha_humanitarian_icons/coordination__827a06d7d1a6.png
100,1.0131783873825644,0ca7c67b9607dd2a,13_usp_pictograms_manual,USP Pictograms,47,medication instruction,icon_data/normalized_256/13_usp_pictograms_manual/47__0ca7c67b9607.png,a550646e3a8c8903,11_iso_7010_safety_signs,ISO 7010 Safety Signs,ISO 7010 W017,iconsets,icon_data/normalized_256/11_iso_7010_safety_signs/iso_7010_w017__a550646e3a8c.png
